[
	{
		"json_featuretype" : "BOS_H_4 3D Model Collection Issued: 20210719",
		"Name" : "Tufts University Health Campus -  Dental Addition",
		"StructType" : "Building",
		"Project_Id" : 1328,
		"ProjectLnk" : "http://www.bostonplans.org/projects/development-projects/Tufts-University-Health-Campus-Dental-Addition",
		"Status" : "Current",
		"Appear_Dt" : "20071003",
		"Appear_Src" : "BPDA Board Approved",
		"Editor" : "pbcGIS",
		"Edit_Dt" : "20170824",
		"EditAction" : "Added model from UDTG",
		"Model_ID" : "BOS_CUL38WS",
		"Model_Cred" : "BPDA Urban Design Technology Group",
		"ModelBatch" : "bpda_20170801\\3DNewBuildingin3ds",
		"Model_File" : "Tufts-Dental-School-Addition-Chinatown",
		"Model_Dt" : "20170809",
		"Model_LOD" : 3,
		"Survey_Dt" : "20071003",
		"Survey_Src" : "Modeled from drawings",
		"Centr_Lat" : 42.3504341277,
		"Centr_Lon" : -71.0628565273,
		"Gnd_El_Ft" : 9.84,
		"Z_Max_Ft" : 108.499913833,
		"Z_MIn_Ft" : 11.5001078333,
		"Height_Ft" : 98.6599138333,
		"Tile_ID" : "BOS_H_4",
		"Parcel_ID" : "0305380000",
		"GoogleLnk" : "https://www.google.com/maps/search//@42.3484341276523,-71.062856527263,263a,35y,39.46t/data=!3m1!1e3",
		"NearMapLnk" : "https://apps.nearmap.com/maps/#/@42.3504341276523,-71.062856527263,21.00z,1d/3D",
		"Parcel_Lnk" : "https://app01.cityofboston.gov/AssessingMap/?find=0305380000"
	}
]