[
	{
		"json_featuretype" : "BOS_H_4 3D Model Collection Issued: 20210719",
		"Name" : "CAMBRIDGE ST",
		"StructType" : "Building",
		"Project_Id" : 0,
		"Status" : "Current",
		"Editor" : "pbcGIS",
		"Edit_Dt" : "20170909",
		"EditAction" : "Inserted multipatches based on extruded  Bos3d_Building_Poly",
		"Model_ID" : "BOS_JJ82W5B",
		"Model_Cred" : "Extruded from 2012 Photogrammetric Footprints and DTM by pbcGIS.",
		"ModelBatch" : "GIS Sources",
		"Model_File" : "Bos3dBase.gdb/Bos3d_Buildings_Poly",
		"Model_Dt" : "20170909",
		"Model_LOD" : 1,
		"Survey_Dt" : "20110401",
		"Survey_Src" : "Photogrammetry by Infotech, 2011",
		"Centr_Lat" : 42.3590033191,
		"Centr_Lon" : -71.0729522802,
		"Gnd_El_Ft" : 7.25960841603,
		"Z_Max_Ft" : 31.0000688333,
		"Z_MIn_Ft" : 0.000130833344883,
		"Height_Ft" : 23.7404604173,
		"Tile_ID" : "BOS_H_4",
		"Parcel_ID" : "0502496000",
		"GoogleLnk" : "https://www.google.com/maps/search//@42.3570033191182,-71.0729522801639,263a,35y,39.46t/data=!3m1!1e3",
		"NearMapLnk" : "https://apps.nearmap.com/maps/#/@42.3590033191182,-71.0729522801639,21.00z,1d/3D",
		"Parcel_Lnk" : "https://app01.cityofboston.gov/AssessingMap/?find=0502496000"
	}
]