[
	{
		"json_featuretype" : "BOS_H_4 3D Model Collection Issued: 20210719",
		"Name" : "1    FRANKLIN      ST",
		"StructType" : "Building",
		"Project_Id" : 0,
		"Status" : "Current",
		"Editor" : "pbcGIS",
		"Edit_Dt" : "20170824",
		"EditAction" : "Extended bottom by 8 feet",
		"Model_ID" : "BOS_8CF0C0R",
		"Model_Cred" : "Cybercity3D",
		"ModelBatch" : "9/14/2014",
		"Model_File" : "Miscellaneous GeoDatabase Feature-Classes, Assimilated by pbcGIS",
		"Model_Dt" : "20140914",
		"Model_LOD" : 2,
		"Survey_Dt" : "20120401",
		"Survey_Src" : "Photogrammetry by Infotech",
		"Centr_Lat" : 42.3557284071,
		"Centr_Lon" : -71.0591844636,
		"Gnd_El_Ft" : 26.24,
		"Z_Max_Ft" : 130.999868833,
		"Z_MIn_Ft" : 16.5000978333,
		"Height_Ft" : 104.759868833,
		"Tile_ID" : "BOS_H_4",
		"Parcel_ID" : "0304590010",
		"GoogleLnk" : "https://www.google.com/maps/search//@42.353728407069696,-71.0591844635915,263a,35y,39.46t/data=!3m1!1e3",
		"NearMapLnk" : "https://apps.nearmap.com/maps/#/@42.3557284070697,-71.0591844635915,21.00z,1d/3D",
		"Parcel_Lnk" : "https://app01.cityofboston.gov/AssessingMap/?find=0304590010"
	}
]