[
	{
		"json_featuretype" : "BOS_H_4 3D Model Collection Issued: 20210719",
		"Name" : "Harrison Gray Otis House",
		"StructType" : "Building",
		"Project_Id" : 0,
		"Status" : "Current",
		"Appear_Dt" : "18990101",
		"Appear_Src" : "Boston Assessor, 2018",
		"Editor" : "pbcGIS",
		"Edit_Dt" : "20170824",
		"EditAction" : "Extended bottom by 8 feet",
		"Model_ID" : "BOS_O72XX47",
		"Model_Cred" : "Cybercity3D",
		"ModelBatch" : "9/14/2014",
		"Model_File" : "Miscellaneous GeoDatabase Feature-Classes, Assimilated by pbcGIS",
		"Model_Dt" : "20140914",
		"Model_LOD" : 2,
		"Survey_Dt" : "20120401",
		"Survey_Src" : "Photogrammetry by Infotech",
		"Centr_Lat" : 42.3615371356,
		"Centr_Lon" : -71.0645645518,
		"Gnd_El_Ft" : 31.2150754559,
		"Z_Max_Ft" : 91.9999468333,
		"Z_MIn_Ft" : 26.5000778333,
		"Height_Ft" : 60.7848713774,
		"Tile_ID" : "BOS_H_4",
		"Parcel_ID" : "0300648000",
		"GoogleLnk" : "https://www.google.com/maps/search//@42.359537135572396,-71.0645645517538,263a,35y,39.46t/data=!3m1!1e3",
		"NearMapLnk" : "https://apps.nearmap.com/maps/#/@42.3615371355724,-71.0645645517538,21.00z,1d/3D",
		"Parcel_Lnk" : "https://app01.cityofboston.gov/AssessingMap/?find=0300648000"
	}
]