[
	{
		"json_featuretype" : "BOS_H_4 3D Model Collection Issued: 20210719",
		"Name" : "CAMBRIDGE ST",
		"StructType" : "Building",
		"Project_Id" : 0,
		"Status" : "Current",
		"Editor" : "pbcGIS",
		"Edit_Dt" : "20170824",
		"EditAction" : "Extended bottom by 8 feet",
		"Model_ID" : "BOS_SJHTQU1",
		"Model_Cred" : "Cybercity3D",
		"ModelBatch" : "9/14/2014",
		"Model_File" : "Miscellaneous GeoDatabase Feature-Classes, Assimilated by pbcGIS",
		"Model_Dt" : "20140914",
		"Model_LOD" : 2,
		"Survey_Dt" : "20120401",
		"Survey_Src" : "Photogrammetry by Infotech",
		"Centr_Lat" : 42.3615620037,
		"Centr_Lon" : -71.0580460266,
		"Gnd_El_Ft" : 23.454737226,
		"Z_Max_Ft" : 36.0000588333,
		"Z_MIn_Ft" : 11.5001078333,
		"Height_Ft" : 12.5453216074,
		"Tile_ID" : "BOS_H_4",
		"Parcel_ID" : "0302604000",
		"GoogleLnk" : "https://www.google.com/maps/search//@42.359562003740095,-71.0580460266495,263a,35y,39.46t/data=!3m1!1e3",
		"NearMapLnk" : "https://apps.nearmap.com/maps/#/@42.3615620037401,-71.0580460266495,21.00z,1d/3D",
		"Parcel_Lnk" : "https://app01.cityofboston.gov/AssessingMap/?find=0302604000"
	}
]