[
	{
		"json_featuretype" : "BOS_H_4 3D Model Collection Issued: 20210719",
		"Name" : "Government Center Garage Redevelopment",
		"StructType" : "Building",
		"Project_Id" : 1387,
		"ProjectLnk" : "http://www.bostonplans.org/projects/development-projects/Government-Center-Garage-Redevelopment",
		"Status" : "Under Construction",
		"Appear_Dt" : "20210327",
		"Appear_Src" : "Per Nearmap 03/27/2021",
		"Editor" : "PBCOTE",
		"Edit_Dt" : "20210528",
		"EditAction" : "Promoted Status Observation",
		"Model_ID" : "BOS_XB8E1J9",
		"Model_Cred" : "BPDA Urban Design Technology Group",
		"ModelBatch" : "bpda_20170801\\3DNewBuildingin3ds",
		"Model_File" : "Split from UDTG Model",
		"Model_Dt" : "20170809",
		"Model_LOD" : 3,
		"Survey_Src" : "Modeled from drawings",
		"Centr_Lat" : 42.3624753021,
		"Centr_Lon" : -71.0596056863,
		"Gnd_El_Ft" : 9.84,
		"Z_Max_Ft" : 101.499927833,
		"Z_MIn_Ft" : 0.000130833344883,
		"Height_Ft" : 91.6599278333,
		"Tile_ID" : "BOS_H_4",
		"Parcel_ID" : "0302700000",
		"StructUse" : "Building",
		"GoogleLnk" : "https://www.google.com/maps/search//@42.3604753021052,-71.0596056863148,263a,35y,39.46t/data=!3m1!1e3",
		"NearMapLnk" : "https://apps.nearmap.com/maps/#/@42.3624753021052,-71.0596056863148,21.00z,1d/3D",
		"Parcel_Lnk" : "https://app01.cityofboston.gov/AssessingMap/?find=0302700000"
	}
]