[
	{
		"json_featuretype" : "BOS_H_4 3D Model Collection Issued: 20210719",
		"Name" : "41 LaGrange Street",
		"StructType" : "Building",
		"Project_Id" : 2626,
		"ProjectLnk" : "http://www.bostonplans.org/projects/development-projects/41-LaGrange-Street",
		"Status" : "Board Approved",
		"Editor" : "pbc",
		"Edit_Dt" : "20190814",
		"EditAction" : "Inserted 3ds model frmo UDTG batch",
		"Model_ID" : "BOS_MCFBMOP",
		"Model_Cred" : "BPDA_UDTG",
		"ModelBatch" : "bpda_20200514\\3D models in 3ds\\December-2018",
		"Model_File" : "41-La-Grange-St-Chinatown-2018-PID-2626.3DS",
		"Model_Dt" : "20181201",
		"Model_LOD" : 3,
		"Centr_Lat" : 42.3517737165,
		"Centr_Lon" : -71.0637208859,
		"Gnd_El_Ft" : 13.12,
		"Z_Max_Ft" : 238.499981917,
		"Z_MIn_Ft" : 11.5001078333,
		"Height_Ft" : 225.379981917,
		"Tile_ID" : "BOS_H_4",
		"Parcel_ID" : "0304906001",
		"GoogleLnk" : "https://www.google.com/maps/search//@42.3497737164869,-71.0637208859112,263a,35y,39.46t/data=!3m1!1e3",
		"NearMapLnk" : "https://apps.nearmap.com/maps/#/@42.3517737164869,-71.0637208859112,21.00z,1d/3D",
		"Parcel_Lnk" : "https://app01.cityofboston.gov/AssessingMap/?find=0304906001"
	}
]