[
	{
		"json_featuretype" : "BOS_H_4 3D Model Collection Issued: 20210719",
		"Name" : "239 CAMBRIDGE ST",
		"StructType" : "Building",
		"Project_Id" : 0,
		"Status" : "Current",
		"Editor" : "pbcGIS",
		"Edit_Dt" : "20170824",
		"EditAction" : "Extended bottom by 8 feet",
		"Model_ID" : "BOS_VWTTMAG",
		"Model_Cred" : "Cybercity3D",
		"ModelBatch" : "9/14/2014",
		"Model_File" : "Miscellaneous GeoDatabase Feature-Classes, Assimilated by pbcGIS",
		"Model_Dt" : "20140914",
		"Model_LOD" : 2,
		"Survey_Dt" : "20120401",
		"Survey_Src" : "Photogrammetry by Infotech",
		"Centr_Lat" : 42.3614606865,
		"Centr_Lon" : -71.0674339536,
		"Gnd_El_Ft" : 10.4140202289,
		"Z_Max_Ft" : 29.5000718333,
		"Z_MIn_Ft" : 3.50012383334,
		"Height_Ft" : 19.0860516044,
		"Tile_ID" : "BOS_H_4",
		"Parcel_ID" : "0300389000",
		"GoogleLnk" : "https://www.google.com/maps/search//@42.3594606864949,-71.0674339535948,263a,35y,39.46t/data=!3m1!1e3",
		"NearMapLnk" : "https://apps.nearmap.com/maps/#/@42.3614606864949,-71.0674339535948,21.00z,1d/3D",
		"Parcel_Lnk" : "https://app01.cityofboston.gov/AssessingMap/?find=0300389000"
	}
]