[
	{
		"json_featuretype" : "BOS_H_4 3D Model Collection Issued: 20210719",
		"Name" : "Hatch Memorial Shell",
		"StructType" : "Building",
		"Project_Id" : 0,
		"Status" : "Current",
		"Editor" : "pbcGIS",
		"Edit_Dt" : "20170909",
		"EditAction" : "Inserted multipatches based on extruded  Bos3d_Building_Poly",
		"Model_ID" : "BOS_3EQR785",
		"Model_Cred" : "Extruded from 2012 Photogrammetric Footprints and DTM by pbcGIS.",
		"ModelBatch" : "GIS Sources",
		"Model_File" : "Bos3dBase.gdb/Bos3d_Buildings_Poly",
		"Model_Dt" : "20170909",
		"Model_LOD" : 1,
		"Survey_Dt" : "20110401",
		"Survey_Src" : "Photogrammetry by Infotech, 2011",
		"Centr_Lat" : 42.3573139307,
		"Centr_Lon" : -71.0736775751,
		"Gnd_El_Ft" : 6.56,
		"Z_Max_Ft" : 41.0000488333,
		"Z_MIn_Ft" : 1.50012783334,
		"Height_Ft" : 34.4400488333,
		"Tile_ID" : "BOS_H_4",
		"Parcel_ID" : "0502497000",
		"GoogleLnk" : "https://www.google.com/maps/search//@42.355313930711795,-71.0736775751359,263a,35y,39.46t/data=!3m1!1e3",
		"NearMapLnk" : "https://apps.nearmap.com/maps/#/@42.3573139307118,-71.0736775751359,21.00z,1d/3D",
		"Parcel_Lnk" : "https://app01.cityofboston.gov/AssessingMap/?find=0502497000"
	}
]