[
	{
		"json_featuretype" : "BOS_H_4 3D Model Collection Issued: 20210719",
		"Name" : "15 CHARLES RIVER SQ",
		"StructType" : "Building",
		"Project_Id" : 0,
		"Status" : "Current",
		"Appear_Dt" : "18900101",
		"Appear_Src" : "Boston Assessor, 2018",
		"Editor" : "pbcGIS",
		"Edit_Dt" : "20170909",
		"EditAction" : "Inserted multipatches based on extruded  Bos3d_Building_Poly",
		"Model_ID" : "BOS_SDJ6O7A",
		"Model_Cred" : "Extruded from 2012 Photogrammetric Footprints and DTM by pbcGIS.",
		"ModelBatch" : "GIS Sources",
		"Model_File" : "Bos3dBase.gdb/Bos3d_Buildings_Poly",
		"Model_Dt" : "20170909",
		"Model_LOD" : 1,
		"Survey_Dt" : "20110401",
		"Survey_Src" : "Photogrammetry by Infotech, 2011",
		"Centr_Lat" : 42.359554151,
		"Centr_Lon" : -71.0712009355,
		"Gnd_El_Ft" : 13.12,
		"Z_Max_Ft" : 54.0000228333,
		"Z_MIn_Ft" : 5.00012083334,
		"Height_Ft" : 40.8800228333,
		"Tile_ID" : "BOS_H_4",
		"Parcel_ID" : "0502456000",
		"GoogleLnk" : "https://www.google.com/maps/search//@42.3575541509669,-71.0712009354798,263a,35y,39.46t/data=!3m1!1e3",
		"NearMapLnk" : "https://apps.nearmap.com/maps/#/@42.3595541509669,-71.0712009354798,21.00z,1d/3D",
		"Parcel_Lnk" : "https://app01.cityofboston.gov/AssessingMap/?find=0502456000"
	}
]