[
	{
		"json_featuretype" : "BOS_H_4 3D Model Collection Issued: 20210719",
		"Name" : "212-222 Stuart",
		"StructType" : "Building",
		"Project_Id" : 2202,
		"ProjectLnk" : "http://www.bostonplans.org/projects/development-projects/212-222-Stuart-Street",
		"Status" : "Current",
		"Appear_Dt" : "20210327",
		"Appear_Src" : "Nearmap 03/27/2021",
		"Editor" : "PBCOTE",
		"Edit_Dt" : "20210528",
		"EditAction" : "Promoted Status Observation",
		"Model_ID" : "BOS_BZFU0M7",
		"Model_Cred" : "BPDA Urban Design Technology Group",
		"ModelBatch" : "9/5/2017",
		"Model_File" : "212-Stuart-St-BV-2017.3DS",
		"Model_Dt" : "20170905",
		"Model_LOD" : 3,
		"Survey_Dt" : "20170905",
		"Survey_Src" : "Modeled from drawings.",
		"Centr_Lat" : 42.3504158813,
		"Centr_Lon" : -71.0682939269,
		"Gnd_El_Ft" : 10.8329138895,
		"Z_Max_Ft" : 219.500019917,
		"Z_MIn_Ft" : 7.50011583333,
		"Height_Ft" : 208.667106027,
		"Tile_ID" : "BOS_H_4",
		"Parcel_ID" : "0500129000",
		"StructUse" : "Building",
		"GoogleLnk" : "https://www.google.com/maps/search//@42.348415881337594,-71.0682939269074,263a,35y,39.46t/data=!3m1!1e3",
		"NearMapLnk" : "https://apps.nearmap.com/maps/#/@42.3504158813376,-71.0682939269074,21.00z,1d/3D",
		"Parcel_Lnk" : "https://app01.cityofboston.gov/AssessingMap/?find=0500129000"
	}
]