[
	{
		"json_featuretype" : "BOS_H_4 3D Model Collection Issued: 20210719",
		"Name" : "33-61 Temple Street",
		"StructType" : "Building",
		"Project_Id" : 3219,
		"ProjectLnk" : "http://www.bostonplans.org/projects/development-projects/33-61-Temple-Street",
		"Status" : "Current",
		"Appear_Dt" : "20181026",
		"Appear_Src" : "Nearmap 10/26/2018",
		"Editor" : "PBCOTE",
		"Edit_Dt" : "20210528",
		"EditAction" : "Promoted Status Observation",
		"Model_ID" : "BOS_2PRH230",
		"Model_Cred" : "BPDA Urban Design Technology Group",
		"ModelBatch" : "bpda_20170801\\3DNewBuildingin3ds",
		"Model_File" : "33-61-Temple-St-Beacon-Hill",
		"Model_Dt" : "20170809",
		"Model_LOD" : 3,
		"Survey_Dt" : "20160713",
		"Survey_Src" : "Modeled from drawings",
		"Centr_Lat" : 42.3599086611,
		"Centr_Lon" : -71.0638142918,
		"Gnd_El_Ft" : 49.2,
		"Z_Max_Ft" : 156.000146917,
		"Z_MIn_Ft" : 62.5000058333,
		"Height_Ft" : 106.800146917,
		"Tile_ID" : "BOS_H_4",
		"Parcel_ID" : "0300050010",
		"StructUse" : "Building",
		"GoogleLnk" : "https://www.google.com/maps/search//@42.3579086610718,-71.0638142917911,263a,35y,39.46t/data=!3m1!1e3",
		"NearMapLnk" : "https://apps.nearmap.com/maps/#/@42.3599086610718,-71.0638142917911,21.00z,1d/3D",
		"Parcel_Lnk" : "https://app01.cityofboston.gov/AssessingMap/?find=0300050010"
	}
]