[
	{
		"json_featuretype" : "BOS_H_4 3D Model Collection Issued: 20210719",
		"Name" : "11 11A N ANDERSON ST",
		"StructType" : "Building",
		"Project_Id" : 0,
		"Status" : "Current",
		"Editor" : "pbcGIS",
		"Edit_Dt" : "20170824",
		"EditAction" : "Extended bottom by 8 feet",
		"Model_ID" : "BOS_V1AFTQ7",
		"Model_Cred" : "Cybercity3D",
		"ModelBatch" : "9/14/2014",
		"Model_File" : "Miscellaneous GeoDatabase Feature-Classes, Assimilated by pbcGIS",
		"Model_Dt" : "20140914",
		"Model_LOD" : 2,
		"Survey_Dt" : "20120401",
		"Survey_Src" : "Photogrammetry by Infotech",
		"Centr_Lat" : 42.3614885156,
		"Centr_Lon" : -71.0677465116,
		"Gnd_El_Ft" : 10.4574015007,
		"Z_Max_Ft" : 19.5000918333,
		"Z_MIn_Ft" : 5.00012083334,
		"Height_Ft" : 9.0426903326,
		"Tile_ID" : "BOS_H_4",
		"Parcel_ID" : "0300391000",
		"GoogleLnk" : "https://www.google.com/maps/search//@42.3594885156162,-71.0677465116187,263a,35y,39.46t/data=!3m1!1e3",
		"NearMapLnk" : "https://apps.nearmap.com/maps/#/@42.3614885156162,-71.0677465116187,21.00z,1d/3D",
		"Parcel_Lnk" : "https://app01.cityofboston.gov/AssessingMap/?find=0300391000"
	}
]