[
	{
		"json_featuretype" : "BOS_H_4 3D Model Collection Issued: 20210719",
		"Name" : "TREMONT ST",
		"StructType" : "Building",
		"Project_Id" : 0,
		"Status" : "Current",
		"Editor" : "pbcGIS",
		"Edit_Dt" : "20170909",
		"EditAction" : "Inserted multipatches based on extruded  Bos3d_Building_Poly",
		"Model_ID" : "BOS_IR4GJ3R",
		"Model_Cred" : "Extruded from 2012 Photogrammetric Footprints and DTM by pbcGIS.",
		"ModelBatch" : "GIS Sources",
		"Model_File" : "Bos3dBase.gdb/Bos3d_Buildings_Poly",
		"Model_Dt" : "20170909",
		"Model_LOD" : 1,
		"Survey_Dt" : "20110401",
		"Survey_Src" : "Photogrammetry by Infotech, 2011",
		"Centr_Lat" : 42.3582011612,
		"Centr_Lon" : -71.0601081147,
		"Gnd_El_Ft" : 52.48,
		"Z_Max_Ft" : 56.0000188333,
		"Z_MIn_Ft" : 44.5000418333,
		"Height_Ft" : 3.52001883334,
		"Tile_ID" : "BOS_H_4",
		"Parcel_ID" : "0302858000",
		"GoogleLnk" : "https://www.google.com/maps/search//@42.356201161249395,-71.0601081147181,263a,35y,39.46t/data=!3m1!1e3",
		"NearMapLnk" : "https://apps.nearmap.com/maps/#/@42.3582011612494,-71.0601081147181,21.00z,1d/3D",
		"Parcel_Lnk" : "https://app01.cityofboston.gov/AssessingMap/?find=0302858000"
	}
]