[
	{
		"json_featuretype" : "BOS_H_4 3D Model Collection Issued: 20210719",
		"Name" : "Government Center Redevelopment Phase 3A",
		"StructType" : "Building",
		"Project_Id" : 1387,
		"ProjectLnk" : "http://www.bostonplans.org/projects/development-projects/Government-Center-Garage-Redevelopment",
		"Status" : "Permitted",
		"Appear_Dt" : "20201214",
		"Appear_Src" : "Prior buildng still exists per Nearmap 03/27/2021",
		"Editor" : "PBCOTE",
		"Edit_Dt" : "20210526",
		"EditAction" : "Updated status observation",
		"Model_ID" : "BOS_26BSZVI",
		"Model_Cred" : "BPDA Urban Design Technology Group",
		"ModelBatch" : "bpda_20170801\\3DNewBuildingin3ds",
		"Model_File" : "Split from UDTG Model",
		"Model_Dt" : "20170809",
		"Model_LOD" : 3,
		"Survey_Src" : "Modeled from drawings",
		"Centr_Lat" : 42.3631006802,
		"Centr_Lon" : -71.0584849395,
		"Gnd_El_Ft" : 9.84,
		"Z_Max_Ft" : 280.499897917,
		"Z_MIn_Ft" : -26.00014525,
		"Height_Ft" : 270.659897917,
		"Tile_ID" : "BOS_H_4",
		"Parcel_ID" : "0302700500",
		"StructUse" : "Building",
		"GoogleLnk" : "https://www.google.com/maps/search//@42.361100680185494,-71.05848493954,263a,35y,39.46t/data=!3m1!1e3",
		"NearMapLnk" : "https://apps.nearmap.com/maps/#/@42.3631006801855,-71.05848493954,21.00z,1d/3D",
		"Parcel_Lnk" : "https://app01.cityofboston.gov/AssessingMap/?find=0302700500"
	}
]