[
	{
		"json_featuretype" : "BOS_H_4 3D Model Collection Issued: 20210719",
		"Name" : "115 CAMBRIDGE ST",
		"StructType" : "Building",
		"Project_Id" : 0,
		"Status" : "Current",
		"Appear_Dt" : "19970101",
		"Appear_Src" : "Boston Assessor, 2018",
		"Editor" : "pbcGIS",
		"Edit_Dt" : "20170824",
		"EditAction" : "Extended bottom by 8 feet",
		"Model_ID" : "BOS_HXPL7KH",
		"Model_Cred" : "Cybercity3D",
		"ModelBatch" : "9/14/2014",
		"Model_File" : "Miscellaneous GeoDatabase Feature-Classes, Assimilated by pbcGIS",
		"Model_Dt" : "20140914",
		"Model_LOD" : 2,
		"Survey_Dt" : "20120401",
		"Survey_Src" : "Photogrammetry by Infotech",
		"Centr_Lat" : 42.3631129388,
		"Centr_Lon" : -71.0621690572,
		"Gnd_El_Ft" : 9.84,
		"Z_Max_Ft" : 51.0000288333,
		"Z_MIn_Ft" : 23.0000848333,
		"Height_Ft" : 41.1600288333,
		"Tile_ID" : "BOS_H_4",
		"Parcel_ID" : "0301686000",
		"GoogleLnk" : "https://www.google.com/maps/search//@42.3611129387716,-71.0621690572434,263a,35y,39.46t/data=!3m1!1e3",
		"NearMapLnk" : "https://apps.nearmap.com/maps/#/@42.3631129387716,-71.0621690572434,21.00z,1d/3D",
		"Parcel_Lnk" : "https://app01.cityofboston.gov/AssessingMap/?find=0301686000"
	}
]