[
	{
		"json_featuretype" : "BOS_H_4 3D Model Collection Issued: 20210719",
		"Name" : "255 265 CHARLES ST",
		"StructType" : "Building",
		"Project_Id" : 0,
		"Status" : "Current",
		"Appear_Dt" : "19690101",
		"Appear_Src" : "Boston Assessor, 2018",
		"Editor" : "pbcGIS",
		"Edit_Dt" : "20170824",
		"EditAction" : "Extended bottom by 8 feet",
		"Model_ID" : "BOS_6S48E7T",
		"Model_Cred" : "Cybercity3D",
		"ModelBatch" : "9/14/2014",
		"Model_File" : "Miscellaneous GeoDatabase Feature-Classes, Assimilated by pbcGIS",
		"Model_Dt" : "20140914",
		"Model_LOD" : 2,
		"Survey_Dt" : "20120401",
		"Survey_Src" : "Photogrammetry by Infotech",
		"Centr_Lat" : 42.363073347,
		"Centr_Lon" : -71.0694423006,
		"Gnd_El_Ft" : 9.84,
		"Z_Max_Ft" : 13.0001048333,
		"Z_MIn_Ft" : 0.000130833344883,
		"Height_Ft" : 3.16010483334,
		"Tile_ID" : "BOS_H_4",
		"Parcel_ID" : "0300370000",
		"GoogleLnk" : "https://www.google.com/maps/search//@42.3610733470211,-71.0694423006295,263a,35y,39.46t/data=!3m1!1e3",
		"NearMapLnk" : "https://apps.nearmap.com/maps/#/@42.3630733470211,-71.0694423006295,21.00z,1d/3D",
		"Parcel_Lnk" : "https://app01.cityofboston.gov/AssessingMap/?find=0300370000"
	}
]