[
	{
		"json_featuretype" : "BOS_H_4 3D Model Collection Issued: 20210719",
		"Name" : "Filenes",
		"StructType" : "Building",
		"Project_Id" : 0,
		"Status" : "Current",
		"Appear_Dt" : "20160101",
		"Appear_Src" : "Boston Assessor, 2018",
		"Editor" : "pbcGIS",
		"Edit_Dt" : "20170824",
		"EditAction" : "Extended bottom by 8 feet",
		"Model_ID" : "BOS_AHSOTL4",
		"Model_Cred" : "Cybercity3D",
		"ModelBatch" : "9/14/2014",
		"Model_File" : "Miscellaneous GeoDatabase Feature-Classes, Assimilated by pbcGIS",
		"Model_Dt" : "20140914",
		"Model_LOD" : 2,
		"Survey_Dt" : "20120401",
		"Survey_Src" : "Photogrammetry by Infotech",
		"Centr_Lat" : 42.355427587,
		"Centr_Lon" : -71.059877139,
		"Gnd_El_Ft" : 29.52,
		"Z_Max_Ft" : 182.000094917,
		"Z_MIn_Ft" : 18.0000948333,
		"Height_Ft" : 152.480094917,
		"Tile_ID" : "BOS_H_4",
		"Parcel_ID" : "0304585010",
		"GoogleLnk" : "https://www.google.com/maps/search//@42.353427586985596,-71.0598771389518,263a,35y,39.46t/data=!3m1!1e3",
		"NearMapLnk" : "https://apps.nearmap.com/maps/#/@42.3554275869856,-71.0598771389518,21.00z,1d/3D",
		"Parcel_Lnk" : "https://app01.cityofboston.gov/AssessingMap/?find=0304585010"
	}
]