[
	{
		"json_featuretype" : "BOS_H_4 3D Model Collection Issued: 20210719",
		"Name" : "Kensington Place - Hinge Block",
		"StructType" : "Building",
		"Project_Id" : 389,
		"Status" : "Current",
		"Appear_Dt" : "20030911",
		"Appear_Src" : "BPDA Board Approved",
		"Editor" : "pbcGIS",
		"Edit_Dt" : "20170824",
		"EditAction" : "Added model from UDTG",
		"Model_ID" : "BOS_HNHKNXM",
		"Model_Cred" : "BPDA Urban Design Technology Group",
		"ModelBatch" : "bpda_20170801\\3DNewBuildingin3ds",
		"Model_File" : "Kensington-Place-Chinatown",
		"Model_Dt" : "20170809",
		"Model_LOD" : 3,
		"Survey_Dt" : "20030911",
		"Survey_Src" : "Modeled from drawings",
		"Centr_Lat" : 42.3517763365,
		"Centr_Lon" : -71.0632029837,
		"Gnd_El_Ft" : 13.12,
		"Z_Max_Ft" : 309.999838917,
		"Z_MIn_Ft" : 10.0001108333,
		"Height_Ft" : 296.879838917,
		"Tile_ID" : "BOS_H_4",
		"Parcel_ID" : "0304896020",
		"GoogleLnk" : "https://www.google.com/maps/search//@42.3497763365242,-71.0632029837275,263a,35y,39.46t/data=!3m1!1e3",
		"NearMapLnk" : "https://apps.nearmap.com/maps/#/@42.3517763365242,-71.0632029837275,21.00z,1d/3D",
		"Parcel_Lnk" : "https://app01.cityofboston.gov/AssessingMap/?find=0304896020"
	}
]