[
	{
		"json_featuretype" : "BOS_H_4 3D Model Collection Issued: 20210719",
		"StructType" : "Wall",
		"Project_Id" : 0,
		"Status" : "Current",
		"Appear_Src" : "Recorded in 2011 Infotech photogrammetry.",
		"Editor" : "PBCOTE",
		"Edit_Dt" : "20210615",
		"EditAction" : "Enrolled as new model",
		"Model_ID" : "BOS_CHNC9TK",
		"Model_Cred" : "pbcGIS",
		"ModelBatch" : "Walls_Docks_20210614",
		"Model_File" : "Walls_Docks_20210609.gdb",
		"Model_Dt" : "20210614",
		"Model_Note" : "Height established from measured infotech height. Depth established from DTM.  Width from Infotech Wall Type.",
		"Model_LOD" : 1.5,
		"Survey_Dt" : "20110401",
		"Survey_Src" : "Recorded in 2011 photogrammetry by Infotech.",
		"Centr_Lat" : 42.3571314214,
		"Centr_Lon" : -71.07072249,
		"Gnd_El_Ft" : 13.12,
		"Z_Max_Ft" : 11.3258955833,
		"Z_MIn_Ft" : 0.990286333341,
		"Height_Ft" : -1.79410441666,
		"Tile_ID" : "BOS_H_4",
		"Parcel_ID" : "0502350000",
		"GoogleLnk" : "https://www.google.com/maps/search//@42.3551314214445,-71.0707224899923,263a,35y,39.46t/data=!3m1!1e3",
		"NearMapLnk" : "https://apps.nearmap.com/maps/#/@42.3571314214445,-71.0707224899923,21.00z,1d/3D",
		"Parcel_Lnk" : "https://app01.cityofboston.gov/AssessingMap/?find=0502350000"
	}
]