[
	{
		"json_featuretype" : "BOS_H_4 3D Model Collection Issued: 20210719",
		"Name" : "94 102 WARRENTON ST",
		"StructType" : "Building",
		"Project_Id" : 0,
		"Status" : "Current",
		"Appear_Dt" : "19020101",
		"Appear_Src" : "Boston Assessor, 2018",
		"Editor" : "pbcGIS",
		"Edit_Dt" : "20170824",
		"EditAction" : "Extended bottom by 8 feet",
		"Model_ID" : "BOS_8TWZFN9",
		"Model_Cred" : "Cybercity3D",
		"ModelBatch" : "9/14/2014",
		"Model_File" : "Miscellaneous GeoDatabase Feature-Classes, Assimilated by pbcGIS",
		"Model_Dt" : "20140914",
		"Model_LOD" : 2,
		"Survey_Dt" : "20120401",
		"Survey_Src" : "Photogrammetry by Infotech",
		"Centr_Lat" : 42.3507008465,
		"Centr_Lon" : -71.0663551416,
		"Gnd_El_Ft" : 18.6275618932,
		"Z_Max_Ft" : 106.499917833,
		"Z_MIn_Ft" : 11.5001078333,
		"Height_Ft" : 87.8723559401,
		"Tile_ID" : "BOS_H_4",
		"Parcel_ID" : "0500078000",
		"GoogleLnk" : "https://www.google.com/maps/search//@42.348700846509,-71.0663551416393,263a,35y,39.46t/data=!3m1!1e3",
		"NearMapLnk" : "https://apps.nearmap.com/maps/#/@42.350700846509,-71.0663551416393,21.00z,1d/3D",
		"Parcel_Lnk" : "https://app01.cityofboston.gov/AssessingMap/?find=0500078000"
	}
]