[
	{
		"json_featuretype" : "BOS_H_4 3D Model Collection Issued: 20210719",
		"Name" : "Wilbur Theater",
		"StructType" : "Building",
		"Project_Id" : 0,
		"Status" : "Current",
		"Appear_Dt" : "19140101",
		"Appear_Src" : "Boston Assessor, 2018",
		"Editor" : "pbcGIS",
		"Edit_Dt" : "20170824",
		"EditAction" : "Extended bottom by 8 feet",
		"Model_ID" : "BOS_OT1IF3D",
		"Model_Cred" : "Cybercity3D",
		"ModelBatch" : "9/14/2014",
		"Model_File" : "Miscellaneous GeoDatabase Feature-Classes, Assimilated by pbcGIS",
		"Model_Dt" : "20140914",
		"Model_LOD" : 2,
		"Survey_Dt" : "20120401",
		"Survey_Src" : "Photogrammetry by Infotech",
		"Centr_Lat" : 42.3507129384,
		"Centr_Lon" : -71.0646534387,
		"Gnd_El_Ft" : 16.4,
		"Z_Max_Ft" : 108.499913833,
		"Z_MIn_Ft" : 8.50011383335,
		"Height_Ft" : 92.0999138333,
		"Tile_ID" : "BOS_H_4",
		"Parcel_ID" : "0305645000",
		"GoogleLnk" : "https://www.google.com/maps/search//@42.348712938362794,-71.0646534386801,263a,35y,39.46t/data=!3m1!1e3",
		"NearMapLnk" : "https://apps.nearmap.com/maps/#/@42.3507129383628,-71.0646534386801,21.00z,1d/3D",
		"Parcel_Lnk" : "https://app01.cityofboston.gov/AssessingMap/?find=0305645000"
	}
]