[
	{
		"json_featuretype" : "BOS_H_4 3D Model Collection Issued: 20210719",
		"Name" : "178 179 TREMONT ST",
		"StructType" : "Building",
		"Project_Id" : 0,
		"Status" : "Current",
		"Appear_Dt" : "18990101",
		"Appear_Src" : "Boston Assessor, 2018",
		"Editor" : "pbcGIS",
		"Edit_Dt" : "20170824",
		"EditAction" : "Extended bottom by 8 feet",
		"Model_ID" : "BOS_1NVMD9Q",
		"Model_Cred" : "Cybercity3D",
		"ModelBatch" : "9/14/2014",
		"Model_File" : "Miscellaneous GeoDatabase Feature-Classes, Assimilated by pbcGIS",
		"Model_Dt" : "20140914",
		"Model_LOD" : 2,
		"Survey_Dt" : "20120401",
		"Survey_Src" : "Photogrammetry by Infotech",
		"Centr_Lat" : 42.3529313795,
		"Centr_Lon" : -71.0640718658,
		"Gnd_El_Ft" : 28.0884922826,
		"Z_Max_Ft" : 177.000104917,
		"Z_MIn_Ft" : 23.0000848333,
		"Height_Ft" : 148.911612634,
		"Tile_ID" : "BOS_H_4",
		"Parcel_ID" : "0304884000",
		"GoogleLnk" : "https://www.google.com/maps/search//@42.3509313794943,-71.064071865842,263a,35y,39.46t/data=!3m1!1e3",
		"NearMapLnk" : "https://apps.nearmap.com/maps/#/@42.3529313794943,-71.064071865842,21.00z,1d/3D",
		"Parcel_Lnk" : "https://app01.cityofboston.gov/AssessingMap/?find=0304884000"
	}
]