[
	{
		"json_featuretype" : "BOS_H_4 3D Model Collection Issued: 20210719",
		"Name" : "85 91 ESSEX ST",
		"StructType" : "Building",
		"Project_Id" : 0,
		"Status" : "Current",
		"Editor" : "pbcGIS",
		"Edit_Dt" : "20170824",
		"EditAction" : "Extended bottom by 8 feet",
		"Model_ID" : "BOS_O7T8SP5",
		"Model_Cred" : "Cybercity3D",
		"ModelBatch" : "9/14/2014",
		"Model_File" : "Miscellaneous GeoDatabase Feature-Classes, Assimilated by pbcGIS",
		"Model_Dt" : "20140914",
		"Model_LOD" : 2,
		"Survey_Dt" : "20120401",
		"Survey_Src" : "Photogrammetry by Infotech",
		"Centr_Lat" : 42.3524754625,
		"Centr_Lon" : -71.0600636219,
		"Gnd_El_Ft" : 16.4,
		"Z_Max_Ft" : 24.5000818333,
		"Z_MIn_Ft" : 8.50011383335,
		"Height_Ft" : 8.10008183334,
		"Tile_ID" : "BOS_H_4",
		"Parcel_ID" : "0304431000",
		"GoogleLnk" : "https://www.google.com/maps/search//@42.3504754624532,-71.0600636219053,263a,35y,39.46t/data=!3m1!1e3",
		"NearMapLnk" : "https://apps.nearmap.com/maps/#/@42.3524754624532,-71.0600636219053,21.00z,1d/3D",
		"Parcel_Lnk" : "https://app01.cityofboston.gov/AssessingMap/?find=0304431000"
	}
]