[
	{
		"json_featuretype" : "BOS_H_4 3D Model Collection Issued: 20210719",
		"Name" : "Old West Church",
		"StructType" : "Building",
		"Project_Id" : 0,
		"Status" : "Current",
		"Appear_Dt" : "18990101",
		"Appear_Src" : "Boston Assessor, 2018",
		"Editor" : "pbcGIS",
		"Edit_Dt" : "20170824",
		"EditAction" : "Extended bottom by 8 feet",
		"Model_ID" : "BOS_58VPZPF",
		"Model_Cred" : "Cybercity3D",
		"ModelBatch" : "9/14/2014",
		"Model_File" : "Miscellaneous GeoDatabase Feature-Classes, Assimilated by pbcGIS",
		"Model_Dt" : "20140914",
		"Model_LOD" : 2,
		"Survey_Dt" : "20120401",
		"Survey_Src" : "Photogrammetry by Infotech",
		"Centr_Lat" : 42.3616839992,
		"Centr_Lon" : -71.0642320458,
		"Gnd_El_Ft" : 39.36,
		"Z_Max_Ft" : 140.999848833,
		"Z_MIn_Ft" : 33.0000648333,
		"Height_Ft" : 101.639848833,
		"Tile_ID" : "BOS_H_4",
		"Parcel_ID" : "0300642000",
		"GoogleLnk" : "https://www.google.com/maps/search//@42.359683999222796,-71.0642320457556,263a,35y,39.46t/data=!3m1!1e3",
		"NearMapLnk" : "https://apps.nearmap.com/maps/#/@42.3616839992228,-71.0642320457556,21.00z,1d/3D",
		"Parcel_Lnk" : "https://app01.cityofboston.gov/AssessingMap/?find=0300642000"
	}
]