[
	{
		"json_featuretype" : "BOS_H_4 3D Model Collection Issued: 20210719",
		"Name" : "485 519 BOYLSTON ST",
		"StructType" : "Building",
		"Project_Id" : 0,
		"Status" : "Current",
		"Appear_Dt" : "19400101",
		"Appear_Src" : "Boston Assessor, 2018",
		"Editor" : "pbcGIS",
		"Edit_Dt" : "20170824",
		"EditAction" : "Extended bottom by 8 feet",
		"Model_ID" : "BOS_BV1G4DL",
		"Model_Cred" : "Cybercity3D",
		"ModelBatch" : "9/14/2014",
		"Model_File" : "Miscellaneous GeoDatabase Feature-Classes, Assimilated by pbcGIS",
		"Model_Dt" : "20140914",
		"Model_LOD" : 2,
		"Survey_Dt" : "20120401",
		"Survey_Src" : "Photogrammetry by Infotech",
		"Centr_Lat" : 42.3512915639,
		"Centr_Lon" : -71.0746439177,
		"Gnd_El_Ft" : 13.12,
		"Z_Max_Ft" : 280.499897917,
		"Z_MIn_Ft" : 267.499923917,
		"Height_Ft" : 267.379897917,
		"Tile_ID" : "BOS_H_4",
		"Parcel_ID" : "0501296000",
		"GoogleLnk" : "https://www.google.com/maps/search//@42.3492915638967,-71.0746439177048,263a,35y,39.46t/data=!3m1!1e3",
		"NearMapLnk" : "https://apps.nearmap.com/maps/#/@42.3512915638967,-71.0746439177048,21.00z,1d/3D",
		"Parcel_Lnk" : "https://app01.cityofboston.gov/AssessingMap/?find=0501296000"
	}
]