[
	{
		"json_featuretype" : "BOS_H_4 3D Model Collection Issued: 20210719",
		"StructType" : "Wall",
		"Project_Id" : 0,
		"Status" : "Current",
		"Appear_Src" : "Recorded in 2011 Infotech photogrammetry.",
		"Editor" : "PBCOTE",
		"Edit_Dt" : "20210615",
		"EditAction" : "Enrolled as new model",
		"Model_ID" : "BOS_FPNV1YM",
		"Model_Cred" : "pbcGIS",
		"ModelBatch" : "Walls_Docks_20210614",
		"Model_File" : "Walls_Docks_20210609.gdb",
		"Model_Dt" : "20210614",
		"Model_Note" : "Height established from measured infotech height. Depth established from DTM.  Width from Infotech Wall Type.",
		"Model_LOD" : 1.5,
		"Survey_Dt" : "20110401",
		"Survey_Src" : "Recorded in 2011 photogrammetry by Infotech.",
		"Centr_Lat" : 42.3522772185,
		"Centr_Lon" : -71.0587930526,
		"Gnd_El_Ft" : 13.847951546,
		"Z_Max_Ft" : 18.7783085,
		"Z_MIn_Ft" : 8.34164958334,
		"Height_Ft" : 4.93035695402,
		"Tile_ID" : "BOS_H_4",
		"Parcel_ID" : "0304308000",
		"GoogleLnk" : "https://www.google.com/maps/search//@42.3502772184955,-71.0587930525728,263a,35y,39.46t/data=!3m1!1e3",
		"NearMapLnk" : "https://apps.nearmap.com/maps/#/@42.3522772184955,-71.0587930525728,21.00z,1d/3D",
		"Parcel_Lnk" : "https://app01.cityofboston.gov/AssessingMap/?find=0304308000"
	}
]