[
	{
		"json_featuretype" : "BOS_H_4 3D Model Collection Issued: 20210719",
		"Name" : "Colonial Residences",
		"StructType" : "Building",
		"Project_Id" : 0,
		"Status" : "Current",
		"Editor" : "pbc",
		"Edit_Dt" : "20201109",
		"EditAction" : "Repaired model normals using Sketchup",
		"Model_ID" : "BOS_UUQHCZG",
		"Model_Cred" : "BPDA Urban Design Technology Group",
		"ModelBatch" : "BPDA_20200911",
		"Model_File" : "Colonial_Residences.obj",
		"Model_Dt" : "20200911",
		"Model_LOD" : 3,
		"Survey_Src" : "Handmade from drawings",
		"Centr_Lat" : 42.3520530664,
		"Centr_Lon" : -71.0653260616,
		"Gnd_El_Ft" : 19.68,
		"Z_Max_Ft" : 181.99943875,
		"Z_MIn_Ft" : 17.9994386667,
		"Height_Ft" : 162.31943875,
		"Tile_ID" : "BOS_H_4",
		"Parcel_ID" : "0500045000",
		"GoogleLnk" : "https://www.google.com/maps/search//@42.350053066371395,-71.0653260616025,263a,35y,39.46t/data=!3m1!1e3",
		"NearMapLnk" : "https://apps.nearmap.com/maps/#/@42.3520530663714,-71.0653260616025,21.00z,1d/3D",
		"Parcel_Lnk" : "https://app01.cityofboston.gov/AssessingMap/?find=0500045000"
	}
]