[
	{
		"json_featuretype" : "BOS_H_4 3D Model Collection Issued: 20210719",
		"Name" : "47-55 LaGrange Street",
		"StructType" : "Building",
		"Project_Id" : 3164,
		"ProjectLnk" : "http://www.bostonplans.org/projects/development-projects/47-55-LaGrange-Street",
		"Status" : "Board Approved",
		"Editor" : "pbcGIS",
		"Edit_Dt" : "20190903",
		"EditAction" : "a*0 Status updated.  No consequences for model status.",
		"Model_ID" : "BOS_5IUTI7B",
		"Model_Cred" : "BPDA Urban Design Technology Group",
		"ModelBatch" : "bpda_20170801\\3DNewBuildingin3ds",
		"Model_File" : "47-55-LaGrange-St-Chinatown",
		"Model_Dt" : "20170809",
		"Model_LOD" : 3,
		"Survey_Src" : "Modeled from drawings",
		"Centr_Lat" : 42.3518043194,
		"Centr_Lon" : -71.0640395049,
		"Gnd_El_Ft" : 16.0679027845,
		"Z_Max_Ft" : 256.499945917,
		"Z_MIn_Ft" : 15.0001008333,
		"Height_Ft" : 240.432043132,
		"Tile_ID" : "BOS_H_4",
		"Parcel_ID" : "0304906000",
		"GoogleLnk" : "https://www.google.com/maps/search//@42.349804319415,-71.0640395048567,263a,35y,39.46t/data=!3m1!1e3",
		"NearMapLnk" : "https://apps.nearmap.com/maps/#/@42.351804319415,-71.0640395048567,21.00z,1d/3D",
		"Parcel_Lnk" : "https://app01.cityofboston.gov/AssessingMap/?find=0304906000"
	}
]