[
	{
		"json_featuretype" : "BOS_H_4 3D Model Collection Issued: 20210719",
		"Name" : "MASON ST",
		"StructType" : "Building",
		"Project_Id" : 0,
		"Status" : "Current",
		"Appear_Dt" : "20080101",
		"Appear_Src" : "Boston Assessor, 2018",
		"Editor" : "pbcGIS",
		"Edit_Dt" : "20170824",
		"EditAction" : "Extended bottom by 8 feet",
		"Model_ID" : "BOS_2QCM8MG",
		"Model_Cred" : "Cybercity3D",
		"ModelBatch" : "9/14/2014",
		"Model_File" : "Miscellaneous GeoDatabase Feature-Classes, Assimilated by pbcGIS",
		"Model_Dt" : "20140914",
		"Model_LOD" : 2,
		"Survey_Dt" : "20120401",
		"Survey_Src" : "Photogrammetry by Infotech",
		"Centr_Lat" : 42.3538299107,
		"Centr_Lon" : -71.0633096907,
		"Gnd_El_Ft" : 26.24,
		"Z_Max_Ft" : 101.499927833,
		"Z_MIn_Ft" : 23.0000848333,
		"Height_Ft" : 75.2599278333,
		"Tile_ID" : "BOS_H_4",
		"Parcel_ID" : "0304839010",
		"GoogleLnk" : "https://www.google.com/maps/search//@42.3518299107029,-71.0633096906935,263a,35y,39.46t/data=!3m1!1e3",
		"NearMapLnk" : "https://apps.nearmap.com/maps/#/@42.3538299107029,-71.0633096906935,21.00z,1d/3D",
		"Parcel_Lnk" : "https://app01.cityofboston.gov/AssessingMap/?find=0304839010"
	}
]