[
	{
		"json_featuretype" : "BOS_H_4 3D Model Collection Issued: 20210719",
		"Name" : "First Public School Site",
		"StructType" : "Building",
		"Project_Id" : 0,
		"Status" : "Current",
		"Appear_Dt" : "19000101",
		"Appear_Src" : "Boston Assessor, 2018",
		"Editor" : "pbcGIS",
		"Edit_Dt" : "20170824",
		"EditAction" : "Extended bottom by 8 feet",
		"Model_ID" : "BOS_3I69ZK1",
		"Model_Cred" : "Cybercity3D",
		"ModelBatch" : "9/14/2014",
		"Model_File" : "Miscellaneous GeoDatabase Feature-Classes, Assimilated by pbcGIS",
		"Model_Dt" : "20140914",
		"Model_LOD" : 2,
		"Survey_Dt" : "20120401",
		"Survey_Src" : "Photogrammetry by Infotech",
		"Centr_Lat" : 42.3575257921,
		"Centr_Lon" : -71.0603847236,
		"Gnd_El_Ft" : 45.92,
		"Z_Max_Ft" : 263.999930917,
		"Z_MIn_Ft" : 39.5000518333,
		"Height_Ft" : 218.079930917,
		"Tile_ID" : "BOS_H_4",
		"Parcel_ID" : "0304702001",
		"GoogleLnk" : "https://www.google.com/maps/search//@42.3555257921243,-71.0603847236211,263a,35y,39.46t/data=!3m1!1e3",
		"NearMapLnk" : "https://apps.nearmap.com/maps/#/@42.3575257921243,-71.0603847236211,21.00z,1d/3D",
		"Parcel_Lnk" : "https://app01.cityofboston.gov/AssessingMap/?find=0304702001"
	}
]