[
	{
		"json_featuretype" : "BOS_H_4 3D Model Collection Issued: 20210719",
		"Name" : "W Boston Hotel & Residences",
		"StructType" : "Building",
		"Project_Id" : 186,
		"ProjectLnk" : "http://www.bostonplans.org/projects/development-projects/W-Boston-Hotel-&-Residences",
		"Status" : "Current",
		"Appear_Dt" : "20010621",
		"Appear_Src" : "BPDA Board Approved",
		"Editor" : "pbcGIS",
		"Edit_Dt" : "20170824",
		"EditAction" : "Added model from UDTG",
		"Model_ID" : "BOS_33WPF7X",
		"Model_Cred" : "BPDA Urban Design Technology Group",
		"ModelBatch" : "bpda_20170801\\3DNewBuildingin3ds",
		"Model_File" : "W-Hotel-Chinatown",
		"Model_Dt" : "20170809",
		"Model_LOD" : 3,
		"Survey_Dt" : "20010621",
		"Survey_Src" : "Modeled from drawings",
		"Centr_Lat" : 42.3508391135,
		"Centr_Lon" : -71.0655842564,
		"Gnd_El_Ft" : 19.68,
		"Z_Max_Ft" : 306.999844917,
		"Z_MIn_Ft" : 10.0001108333,
		"Height_Ft" : 287.319844917,
		"Tile_ID" : "BOS_H_4",
		"Parcel_ID" : "0500075020",
		"GoogleLnk" : "https://www.google.com/maps/search//@42.348839113534396,-71.0655842564231,263a,35y,39.46t/data=!3m1!1e3",
		"NearMapLnk" : "https://apps.nearmap.com/maps/#/@42.3508391135344,-71.0655842564231,21.00z,1d/3D",
		"Parcel_Lnk" : "https://app01.cityofboston.gov/AssessingMap/?find=0500075020"
	}
]