[
	{
		"json_featuretype" : "BOS_H_4 3D Model Collection Issued: 20210719",
		"Name" : "Parcel P-7a",
		"StructType" : "Building",
		"Project_Id" : 1078,
		"ProjectLnk" : "http://www.bostonplans.org/projects/development-projects/Parcel-P-7a",
		"Status" : "Current",
		"Appear_Dt" : "20180101",
		"Editor" : "pbcGIS",
		"Edit_Dt" : "20170824",
		"EditAction" : "Added model from UDTG",
		"Model_ID" : "BOS_YNNHN0Q",
		"Model_Cred" : "BPDA Urban Design Technology Group",
		"ModelBatch" : "bpda_20170801\\3DNewBuildingin3ds",
		"Model_File" : "BRA-Parcel-7a-Chinatown",
		"Model_Dt" : "20170809",
		"Model_LOD" : 3,
		"Survey_Src" : "Modeled from drawings",
		"Centr_Lat" : 42.350891208,
		"Centr_Lon" : -71.0646065889,
		"Gnd_El_Ft" : 16.4,
		"Z_Max_Ft" : 231.499995917,
		"Z_MIn_Ft" : 15.0001008333,
		"Height_Ft" : 215.099995917,
		"Tile_ID" : "BOS_H_4",
		"Parcel_ID" : "0305648000",
		"GoogleLnk" : "https://www.google.com/maps/search//@42.3488912079959,-71.0646065888992,263a,35y,39.46t/data=!3m1!1e3",
		"NearMapLnk" : "https://apps.nearmap.com/maps/#/@42.3508912079959,-71.0646065888992,21.00z,1d/3D",
		"Parcel_Lnk" : "https://app01.cityofboston.gov/AssessingMap/?find=0305648000"
	}
]