[
	{
		"json_featuretype" : "BOS_H_4 3D Model Collection Issued: 20210719",
		"Name" : "239 CAMBRIDGE ST",
		"StructType" : "Building",
		"Project_Id" : 0,
		"Status" : "Current",
		"Editor" : "pbcGIS",
		"Edit_Dt" : "20170824",
		"EditAction" : "Extended bottom by 8 feet",
		"Model_ID" : "BOS_A6XLGY5",
		"Model_Cred" : "Cybercity3D",
		"ModelBatch" : "9/14/2014",
		"Model_File" : "Miscellaneous GeoDatabase Feature-Classes, Assimilated by pbcGIS",
		"Model_Dt" : "20140914",
		"Model_LOD" : 2,
		"Survey_Dt" : "20120401",
		"Survey_Src" : "Photogrammetry by Infotech",
		"Centr_Lat" : 42.3613524641,
		"Centr_Lon" : -71.0673570588,
		"Gnd_El_Ft" : 13.12,
		"Z_Max_Ft" : 31.0000688333,
		"Z_MIn_Ft" : 5.00012083334,
		"Height_Ft" : 17.8800688333,
		"Tile_ID" : "BOS_H_4",
		"Parcel_ID" : "0300389000",
		"GoogleLnk" : "https://www.google.com/maps/search//@42.3593524641476,-71.0673570587576,263a,35y,39.46t/data=!3m1!1e3",
		"NearMapLnk" : "https://apps.nearmap.com/maps/#/@42.3613524641476,-71.0673570587576,21.00z,1d/3D",
		"Parcel_Lnk" : "https://app01.cityofboston.gov/AssessingMap/?find=0300389000"
	}
]