[
	{
		"json_featuretype" : "BOS_H_4 3D Model Collection Issued: 20210719",
		"Name" : "Suffolk University - 20 Somerset Street",
		"StructType" : "Building",
		"Project_Id" : 1182,
		"ProjectLnk" : "http://www.bostonplans.org/projects/development-projects/Suffolk-University-20-Somerset-Street",
		"Status" : "Current",
		"Appear_Dt" : "20090129",
		"Appear_Src" : "BPDA Board Approved",
		"Editor" : "pbcGIS",
		"Edit_Dt" : "20170824",
		"EditAction" : "Added model from UDTG",
		"Model_ID" : "BOS_FNSWO0Q",
		"Model_Cred" : "BPDA Urban Design Technology Group",
		"ModelBatch" : "bpda_20170801\\3DNewBuildingin3ds",
		"Model_File" : "20-Somerset-St-Beacon-Hill",
		"Model_Dt" : "20170809",
		"Model_LOD" : 3,
		"Survey_Dt" : "20090129",
		"Survey_Src" : "Modeled from drawings",
		"Centr_Lat" : 42.3596725023,
		"Centr_Lon" : -71.0617977177,
		"Gnd_El_Ft" : 62.32,
		"Z_Max_Ft" : 206.500045917,
		"Z_MIn_Ft" : 62.5000058333,
		"Height_Ft" : 144.180045917,
		"Tile_ID" : "BOS_H_4",
		"Parcel_ID" : "0302782000",
		"GoogleLnk" : "https://www.google.com/maps/search//@42.357672502315296,-71.0617977176974,263a,35y,39.46t/data=!3m1!1e3",
		"NearMapLnk" : "https://apps.nearmap.com/maps/#/@42.3596725023153,-71.0617977176974,21.00z,1d/3D",
		"Parcel_Lnk" : "https://app01.cityofboston.gov/AssessingMap/?find=0302782000"
	}
]