[
	{
		"json_featuretype" : "BOS_H_4 3D Model Collection Issued: 20210719",
		"Name" : "Oxford Ping On",
		"StructType" : "Building",
		"Project_Id" : 1313,
		"Status" : "Current",
		"Appear_Dt" : "20080515",
		"Appear_Src" : "BPDA Board Approved",
		"Editor" : "pbcGIS",
		"Edit_Dt" : "20170824",
		"EditAction" : "Added model from UDTG",
		"Model_ID" : "BOS_U6PIGWG",
		"Model_Cred" : "BPDA Urban Design Technology Group",
		"ModelBatch" : "bpda_20170801\\3DNewBuildingin3ds",
		"Model_File" : "2-Oxford-St-Chinatown",
		"Model_Dt" : "20170809",
		"Model_LOD" : 3,
		"Survey_Dt" : "20080515",
		"Survey_Src" : "Modeled from drawings",
		"Centr_Lat" : 42.352344265,
		"Centr_Lon" : -71.0604474659,
		"Gnd_El_Ft" : 14.4388972189,
		"Z_Max_Ft" : 208.500041917,
		"Z_MIn_Ft" : 13.0001048333,
		"Height_Ft" : 194.061144698,
		"Tile_ID" : "BOS_H_4",
		"Parcel_ID" : "0304449000",
		"GoogleLnk" : "https://www.google.com/maps/search//@42.350344264968896,-71.0604474658551,263a,35y,39.46t/data=!3m1!1e3",
		"NearMapLnk" : "https://apps.nearmap.com/maps/#/@42.3523442649689,-71.0604474658551,21.00z,1d/3D",
		"Parcel_Lnk" : "https://app01.cityofboston.gov/AssessingMap/?find=0304449000"
	}
]