[
	{
		"json_featuretype" : "BOS_H_4 3D Model Collection Issued: 20210719",
		"Name" : "Congress Square",
		"StructType" : "Building",
		"Project_Id" : 1722,
		"ProjectLnk" : "http://www.bostonplans.org/projects/development-projects/15-19-congress-street",
		"Status" : "Board Approved",
		"Appear_Src" : "New status per A80_Log_20210121_pts",
		"Editor" : "PBCOTE",
		"Edit_Dt" : "20210614",
		"EditAction" : "Changed status fromInactive toBoard Approved.",
		"Model_ID" : "BOS_363F66A",
		"Model_Cred" : "BPDA Urban Design Technology Group",
		"ModelBatch" : "8/9/2017",
		"Model_File" : "Congress-Square-Downtown",
		"Model_Dt" : "20170809",
		"Model_LOD" : 3,
		"Survey_Dt" : "20150611",
		"Survey_Src" : "Modeled from drawings",
		"Centr_Lat" : 42.3579797584,
		"Centr_Lon" : -71.0569357437,
		"Gnd_El_Ft" : 16.4,
		"Z_Max_Ft" : 203.500051917,
		"Z_MIn_Ft" : 15.0001008333,
		"Height_Ft" : 187.100051917,
		"Tile_ID" : "BOS_H_4",
		"Parcel_ID" : "0303882000",
		"StructUse" : "Building",
		"GoogleLnk" : "https://www.google.com/maps/search//@42.355979758379,-71.056935743689,263a,35y,39.46t/data=!3m1!1e3",
		"NearMapLnk" : "https://apps.nearmap.com/maps/#/@42.357979758379,-71.056935743689,21.00z,1d/3D",
		"Parcel_Lnk" : "https://app01.cityofboston.gov/AssessingMap/?find=0303882000"
	}
]