[
	{
		"json_featuretype" : "BOS_H_4 3D Model Collection Issued: 20210719",
		"Name" : "43 65 STATE ST",
		"StructType" : "Building",
		"Project_Id" : 0,
		"Status" : "Current",
		"Appear_Dt" : "19830101",
		"Appear_Src" : "Boston Assessor, 2018",
		"Editor" : "pbcGIS",
		"Edit_Dt" : "20170824",
		"EditAction" : "Extended bottom by 8 feet",
		"Model_ID" : "BOS_A3LLRPI",
		"Model_Cred" : "Cybercity3D",
		"ModelBatch" : "9/14/2014",
		"Model_File" : "Miscellaneous GeoDatabase Feature-Classes, Assimilated by pbcGIS",
		"Model_Dt" : "20140914",
		"Model_LOD" : 2,
		"Survey_Dt" : "20120401",
		"Survey_Src" : "Photogrammetry by Infotech",
		"Centr_Lat" : 42.3587199034,
		"Centr_Lon" : -71.0566091965,
		"Gnd_El_Ft" : 16.0445229589,
		"Z_Max_Ft" : 29.5000718333,
		"Z_MIn_Ft" : 11.5001078333,
		"Height_Ft" : 13.4555488744,
		"Tile_ID" : "BOS_H_4",
		"Parcel_ID" : "0303870000",
		"GoogleLnk" : "https://www.google.com/maps/search//@42.3567199033647,-71.0566091964623,263a,35y,39.46t/data=!3m1!1e3",
		"NearMapLnk" : "https://apps.nearmap.com/maps/#/@42.3587199033647,-71.0566091964623,21.00z,1d/3D",
		"Parcel_Lnk" : "https://app01.cityofboston.gov/AssessingMap/?find=0303870000"
	}
]