[
	{
		"json_featuretype" : "BOS_H_4 3D Model Collection Issued: 20210719",
		"Name" : "Boston Public Market at 136 Blackstone Street",
		"StructType" : "Building",
		"Project_Id" : 1659,
		"ProjectLnk" : "http://www.bostonplans.org/projects/development-projects/Boston-Public-Market-at-136-Blackstone-Street",
		"Status" : "Current",
		"Appear_Dt" : "20030101",
		"Appear_Src" : "Boston Assessor, 2018",
		"Editor" : "pbcGIS",
		"Edit_Dt" : "20170824",
		"EditAction" : "Extended bottom by 8 feet",
		"Model_ID" : "BOS_7Q5DI9I",
		"Model_Cred" : "Cybercity3D",
		"ModelBatch" : "9/14/2014",
		"Model_File" : "Miscellaneous GeoDatabase Feature-Classes, Assimilated by pbcGIS",
		"Model_Dt" : "20140914",
		"Model_LOD" : 2,
		"Survey_Dt" : "20120401",
		"Survey_Src" : "Photogrammetry by Infotech",
		"Centr_Lat" : 42.3621661232,
		"Centr_Lon" : -71.0575313545,
		"Gnd_El_Ft" : 13.12,
		"Z_Max_Ft" : 145.999838833,
		"Z_MIn_Ft" : 7.00011683334,
		"Height_Ft" : 132.879838833,
		"Tile_ID" : "BOS_H_4",
		"Parcel_ID" : "0302573000",
		"GoogleLnk" : "https://www.google.com/maps/search//@42.360166123169996,-71.0575313545416,263a,35y,39.46t/data=!3m1!1e3",
		"NearMapLnk" : "https://apps.nearmap.com/maps/#/@42.36216612317,-71.0575313545416,21.00z,1d/3D",
		"Parcel_Lnk" : "https://app01.cityofboston.gov/AssessingMap/?find=0302573000"
	}
]