[
	{
		"json_featuretype" : "BOS_H_4 3D Model Collection Issued: 20210719",
		"Name" : "41 BROMFIELD ST",
		"StructType" : "Building",
		"Project_Id" : 0,
		"Status" : "Current",
		"Appear_Dt" : "18990101",
		"Appear_Src" : "Boston Assessor, 2018",
		"Editor" : "pbcGIS",
		"Edit_Dt" : "20170824",
		"EditAction" : "Extended bottom by 8 feet",
		"Model_ID" : "BOS_8JV2JP7",
		"Model_Cred" : "Cybercity3D",
		"ModelBatch" : "9/14/2014",
		"Model_File" : "Miscellaneous GeoDatabase Feature-Classes, Assimilated by pbcGIS",
		"Model_Dt" : "20140914",
		"Model_LOD" : 2,
		"Survey_Dt" : "20120401",
		"Survey_Src" : "Photogrammetry by Infotech",
		"Centr_Lat" : 42.3569352675,
		"Centr_Lon" : -71.0604261993,
		"Gnd_El_Ft" : 41.7594160402,
		"Z_Max_Ft" : 192.000074917,
		"Z_MIn_Ft" : 39.5000518333,
		"Height_Ft" : 150.240658876,
		"Tile_ID" : "BOS_H_4",
		"Parcel_ID" : "0304714000",
		"GoogleLnk" : "https://www.google.com/maps/search//@42.354935267531594,-71.0604261993054,263a,35y,39.46t/data=!3m1!1e3",
		"NearMapLnk" : "https://apps.nearmap.com/maps/#/@42.3569352675316,-71.0604261993054,21.00z,1d/3D",
		"Parcel_Lnk" : "https://app01.cityofboston.gov/AssessingMap/?find=0304714000"
	}
]