[
	{
		"json_featuretype" : "BOS_H_4 3D Model Collection Issued: 20210719",
		"Name" : "1 ASHBURTON PL",
		"StructType" : "Building",
		"Project_Id" : 0,
		"Status" : "Current",
		"Appear_Dt" : "19600101",
		"Appear_Src" : "Boston Assessor, 2018",
		"Editor" : "pbcGIS",
		"Edit_Dt" : "20170824",
		"EditAction" : "Extended bottom by 8 feet",
		"Model_ID" : "BOS_NGXRO5D",
		"Model_Cred" : "Cybercity3D",
		"ModelBatch" : "9/14/2014",
		"Model_File" : "Miscellaneous GeoDatabase Feature-Classes, Assimilated by pbcGIS",
		"Model_Dt" : "20140914",
		"Model_LOD" : 2,
		"Survey_Dt" : "20120401",
		"Survey_Src" : "Photogrammetry by Infotech",
		"Centr_Lat" : 42.3595015189,
		"Centr_Lon" : -71.0618985792,
		"Gnd_El_Ft" : 72.1135831911,
		"Z_Max_Ft" : 89.9999508333,
		"Z_MIn_Ft" : 70.4999898333,
		"Height_Ft" : 17.8863676423,
		"Tile_ID" : "BOS_H_4",
		"Parcel_ID" : "0302726500",
		"GoogleLnk" : "https://www.google.com/maps/search//@42.3575015188681,-71.061898579183,263a,35y,39.46t/data=!3m1!1e3",
		"NearMapLnk" : "https://apps.nearmap.com/maps/#/@42.3595015188681,-71.061898579183,21.00z,1d/3D",
		"Parcel_Lnk" : "https://app01.cityofboston.gov/AssessingMap/?find=0302726500"
	}
]