[
	{
		"json_featuretype" : "BOS_H_4 3D Model Collection Issued: 20210719",
		"Name" : "212 STUART ST",
		"StructType" : "Building",
		"Project_Id" : 0,
		"Status" : "Demolished",
		"Disapp_Src" : "Nearmap 03/27/2021",
		"Editor" : "PBCOTE",
		"Edit_Dt" : "20210528",
		"EditAction" : "Demoted Status Observation",
		"Model_ID" : "BOS_32VZH72",
		"Model_Cred" : "Cybercity3D",
		"ModelBatch" : "9/14/2014",
		"Model_File" : "Miscellaneous GeoDatabase Feature-Classes, Assimilated by pbcGIS",
		"Model_Dt" : "20140914",
		"Model_LOD" : 2,
		"Survey_Dt" : "20120401",
		"Survey_Src" : "Photogrammetry by Infotech",
		"Centr_Lat" : 42.3504411525,
		"Centr_Lon" : -71.0681884066,
		"Gnd_El_Ft" : 13.12,
		"Z_Max_Ft" : 64.0000028333,
		"Z_MIn_Ft" : 7.00011683334,
		"Height_Ft" : 50.8800028333,
		"Tile_ID" : "BOS_H_4",
		"Parcel_ID" : "0500132000",
		"StructUse" : "Building",
		"GoogleLnk" : "https://www.google.com/maps/search//@42.348441152480596,-71.0681884066106,263a,35y,39.46t/data=!3m1!1e3",
		"NearMapLnk" : "https://apps.nearmap.com/maps/#/@42.3504411524806,-71.0681884066106,21.00z,1d/3D",
		"Parcel_Lnk" : "https://app01.cityofboston.gov/AssessingMap/?find=0500132000",
		"chgAction" : "Demoted Status Observation",
		"chgStatus" : "Demolished",
		"chgStatDt" : "20210327",
		"chgStatSrc" : "Nearmap 03/27/2021",
		"chgFlag" : "Demotion Candidate",
		"ChgFlagger" : "PBCOTE",
		"ChgFlagDt" : "20210528"
	}
]