[
	{
		"json_featuretype" : "BOS_H_4 3D Model Collection Issued: 20210719",
		"Name" : "Two Financial Center",
		"StructType" : "Building",
		"Project_Id" : 2914,
		"Status" : "Current",
		"Appear_Dt" : "20000425",
		"Appear_Src" : "BPDA Board Approved",
		"Editor" : "pbcGIS",
		"Edit_Dt" : "20170824",
		"EditAction" : "Added model from UDTG",
		"Model_ID" : "BOS_UN0R0O9",
		"Model_Cred" : "BPDA Urban Design Technology Group",
		"ModelBatch" : "bpda_20170801\\3DNewBuildingin3ds",
		"Model_File" : "2-Finanacial-Center-Chinatown",
		"Model_Dt" : "20170809",
		"Model_LOD" : 3,
		"Survey_Dt" : "20000425",
		"Survey_Src" : "Modeled from drawings",
		"Centr_Lat" : 42.3517720285,
		"Centr_Lon" : -71.056858125,
		"Gnd_El_Ft" : 9.84,
		"Z_Max_Ft" : 208.500041917,
		"Z_MIn_Ft" : 10.0001108333,
		"Height_Ft" : 198.660041917,
		"Tile_ID" : "BOS_H_4",
		"Parcel_ID" : "0304300010",
		"GoogleLnk" : "https://www.google.com/maps/search//@42.3497720285205,-71.0568581250164,263a,35y,39.46t/data=!3m1!1e3",
		"NearMapLnk" : "https://apps.nearmap.com/maps/#/@42.3517720285205,-71.0568581250164,21.00z,1d/3D",
		"Parcel_Lnk" : "https://app01.cityofboston.gov/AssessingMap/?find=0304300010"
	}
]