[
	{
		"json_featuretype" : "BOS_H_4 3D Model Collection Issued: 20210719",
		"Name" : "33 -35 BOWDOIN ST",
		"StructType" : "Building",
		"Project_Id" : 0,
		"Status" : "Current",
		"Appear_Dt" : "18990101",
		"Appear_Src" : "Boston Assessor, 2018",
		"Editor" : "pbcGIS",
		"Edit_Dt" : "20170909",
		"EditAction" : "Inserted multipatches based on extruded  Bos3d_Building_Poly",
		"Model_ID" : "BOS_M0Q659E",
		"Model_Cred" : "Extruded from 2012 Photogrammetric Footprints and DTM by pbcGIS.",
		"ModelBatch" : "GIS Sources",
		"Model_File" : "Bos3dBase.gdb/Bos3d_Buildings_Poly",
		"Model_Dt" : "20170909",
		"Model_LOD" : 1,
		"Survey_Dt" : "20110401",
		"Survey_Src" : "Photogrammetry by Infotech, 2011",
		"Centr_Lat" : 42.3602299649,
		"Centr_Lon" : -71.063227144,
		"Gnd_El_Ft" : 49.2,
		"Z_Max_Ft" : 85.4999598333,
		"Z_MIn_Ft" : 41.0000488333,
		"Height_Ft" : 36.2999598333,
		"Tile_ID" : "BOS_H_4",
		"Parcel_ID" : "0300040000",
		"GoogleLnk" : "https://www.google.com/maps/search//@42.358229964877395,-71.0632271440217,263a,35y,39.46t/data=!3m1!1e3",
		"NearMapLnk" : "https://apps.nearmap.com/maps/#/@42.3602299648774,-71.0632271440217,21.00z,1d/3D",
		"Parcel_Lnk" : "https://app01.cityofboston.gov/AssessingMap/?find=0300040000"
	}
]