[
	{
		"json_featuretype" : "BOS_H_4 3D Model Collection Issued: 20210719",
		"Name" : "MGH-Building-for-3-Century-WE",
		"StructType" : "Building",
		"Project_Id" : 1435,
		"ProjectLnk" : "http://www.bostonplans.org/projects/development-projects/massachusetts-general-hospital-building-for-3rd",
		"Status" : "Current",
		"Appear_Dt" : "20101201",
		"Appear_Src" : "Per Google Earth",
		"Editor" : "PBCOTE",
		"Edit_Dt" : "20210528",
		"EditAction" : "Promoted Status Observation",
		"Model_ID" : "BOS_NA5WDS6",
		"Model_Cred" : "BPDA Urban Design Technology Group",
		"ModelBatch" : "bpda_20170801\\3DNewBuildingin3ds",
		"Model_File" : "Copied from UDTG 3D Studio FIle",
		"Model_Dt" : "20170809",
		"Model_LOD" : 3,
		"Survey_Src" : "Modeled from drawings",
		"Centr_Lat" : 42.3627545343,
		"Centr_Lon" : -71.069240764,
		"Gnd_El_Ft" : 9.84,
		"Z_Max_Ft" : 205.000048917,
		"Z_MIn_Ft" : 11.5001078333,
		"Height_Ft" : 195.160048917,
		"Tile_ID" : "BOS_H_4",
		"Parcel_ID" : "0300370000",
		"StructUse" : "Building",
		"GoogleLnk" : "https://www.google.com/maps/search//@42.360754534340295,-71.0692407639752,263a,35y,39.46t/data=!3m1!1e3",
		"NearMapLnk" : "https://apps.nearmap.com/maps/#/@42.3627545343403,-71.0692407639752,21.00z,1d/3D",
		"Parcel_Lnk" : "https://app01.cityofboston.gov/AssessingMap/?find=0300370000"
	}
]