[
	{
		"json_featuretype" : "BOS_H_4 3D Model Collection Issued: 20210719",
		"Name" : "ARLINGTON ST",
		"StructType" : "Building",
		"Project_Id" : 0,
		"Status" : "Current",
		"Editor" : "pbcGIS",
		"Edit_Dt" : "20170909",
		"EditAction" : "Inserted multipatches based on extruded  Bos3d_Building_Poly",
		"Model_ID" : "BOS_ATEQ3WA",
		"Model_Cred" : "Extruded from 2012 Photogrammetric Footprints and DTM by pbcGIS.",
		"ModelBatch" : "GIS Sources",
		"Model_File" : "Bos3dBase.gdb/Bos3d_Buildings_Poly",
		"Model_Dt" : "20170909",
		"Model_LOD" : 1,
		"Survey_Dt" : "20110401",
		"Survey_Src" : "Photogrammetry by Infotech, 2011",
		"Centr_Lat" : 42.3540230937,
		"Centr_Lon" : -71.0696418797,
		"Gnd_El_Ft" : 3.28,
		"Z_Max_Ft" : 11.5001078333,
		"Z_MIn_Ft" : -1.49986616666,
		"Height_Ft" : 8.22010783334,
		"Tile_ID" : "BOS_H_4",
		"Parcel_ID" : "0501259000",
		"GoogleLnk" : "https://www.google.com/maps/search//@42.3520230936877,-71.0696418796786,263a,35y,39.46t/data=!3m1!1e3",
		"NearMapLnk" : "https://apps.nearmap.com/maps/#/@42.3540230936877,-71.0696418796786,21.00z,1d/3D",
		"Parcel_Lnk" : "https://app01.cityofboston.gov/AssessingMap/?find=0501259000"
	}
]