[
	{
		"json_featuretype" : "BOS_H_4 3D Model Collection Issued: 20210719",
		"Name" : "59 Temple Place",
		"StructType" : "Building",
		"Project_Id" : 1530,
		"ProjectLnk" : "http://www.bostonplans.org/projects/development-projects/59-Temple-Place",
		"Status" : "Current",
		"Appear_Dt" : "18990101",
		"Appear_Src" : "Boston Assessor, 2018",
		"Editor" : "pbc",
		"Edit_Dt" : "20201109",
		"EditAction" : "Repaired model normals",
		"Model_ID" : "BOS_SE1TFQU",
		"Model_Cred" : "Cybercity3D",
		"ModelBatch" : "9/14/2014",
		"Model_File" : "Miscellaneous GeoDatabase Feature-Classes, Assimilated by pbcGIS",
		"Model_Dt" : "20140914",
		"Model_LOD" : 2,
		"Survey_Dt" : "20120401",
		"Survey_Src" : "Photogrammetry by Infotech",
		"Centr_Lat" : 42.3547527267,
		"Centr_Lon" : -71.0616169684,
		"Gnd_El_Ft" : 29.52,
		"Z_Max_Ft" : 193.500071917,
		"Z_MIn_Ft" : 29.5000718333,
		"Height_Ft" : 163.980071917,
		"Tile_ID" : "BOS_H_4",
		"Parcel_ID" : "0304810010",
		"GoogleLnk" : "https://www.google.com/maps/search//@42.352752726665095,-71.0616169683592,263a,35y,39.46t/data=!3m1!1e3",
		"NearMapLnk" : "https://apps.nearmap.com/maps/#/@42.3547527266651,-71.0616169683592,21.00z,1d/3D",
		"Parcel_Lnk" : "https://app01.cityofboston.gov/AssessingMap/?find=0304810010"
	}
]