[
	{
		"json_featuretype" : "BOS_H_4 3D Model Collection Issued: 20210719",
		"Name" : "1 15 WATER ST",
		"StructType" : "Building",
		"Project_Id" : 0,
		"Status" : "Current",
		"Editor" : "pbcGIS",
		"Edit_Dt" : "20170824",
		"EditAction" : "Extended bottom by 8 feet",
		"Model_ID" : "BOS_FI3W1RY",
		"Model_Cred" : "Cybercity3D",
		"ModelBatch" : "9/14/2014",
		"Model_File" : "Miscellaneous GeoDatabase Feature-Classes, Assimilated by pbcGIS",
		"Model_Dt" : "20140914",
		"Model_LOD" : 2,
		"Survey_Dt" : "20120401",
		"Survey_Src" : "Photogrammetry by Infotech",
		"Centr_Lat" : 42.3575113148,
		"Centr_Lon" : -71.0578058818,
		"Gnd_El_Ft" : 17.4702180603,
		"Z_Max_Ft" : 152.500153917,
		"Z_MIn_Ft" : 18.0000948333,
		"Height_Ft" : 135.029935856,
		"Tile_ID" : "BOS_H_4",
		"Parcel_ID" : "0303903000",
		"GoogleLnk" : "https://www.google.com/maps/search//@42.3555113147567,-71.0578058817771,263a,35y,39.46t/data=!3m1!1e3",
		"NearMapLnk" : "https://apps.nearmap.com/maps/#/@42.3575113147567,-71.0578058817771,21.00z,1d/3D",
		"Parcel_Lnk" : "https://app01.cityofboston.gov/AssessingMap/?find=0303903000"
	}
]