[
	{
		"json_featuretype" : "BOS_H_4 3D Model Collection Issued: 20210719",
		"Name" : "1 -4 CHAMPNEY PL",
		"StructType" : "Building",
		"Project_Id" : 0,
		"Status" : "Current",
		"Appear_Dt" : "18990101",
		"Appear_Src" : "Boston Assessor, 2018",
		"Editor" : "pbcGIS",
		"Edit_Dt" : "20170909",
		"EditAction" : "Inserted multipatches based on extruded  Bos3d_Building_Poly",
		"Model_ID" : "BOS_GYIX7NL",
		"Model_Cred" : "Extruded from 2012 Photogrammetric Footprints and DTM by pbcGIS.",
		"ModelBatch" : "GIS Sources",
		"Model_File" : "Bos3dBase.gdb/Bos3d_Buildings_Poly",
		"Model_Dt" : "20170909",
		"Model_LOD" : 1,
		"Survey_Dt" : "20110401",
		"Survey_Src" : "Photogrammetry by Infotech, 2011",
		"Centr_Lat" : 42.3597992485,
		"Centr_Lon" : -71.0680410561,
		"Gnd_El_Ft" : 59.8601910191,
		"Z_Max_Ft" : 101.499927833,
		"Z_MIn_Ft" : 52.5000258333,
		"Height_Ft" : 41.6397368143,
		"Tile_ID" : "BOS_H_4",
		"Parcel_ID" : "0502108010",
		"GoogleLnk" : "https://www.google.com/maps/search//@42.357799248461596,-71.0680410561053,263a,35y,39.46t/data=!3m1!1e3",
		"NearMapLnk" : "https://apps.nearmap.com/maps/#/@42.3597992484616,-71.0680410561053,21.00z,1d/3D",
		"Parcel_Lnk" : "https://app01.cityofboston.gov/AssessingMap/?find=0502108010"
	}
]