[
	{
		"json_featuretype" : "BOS_H_4 3D Model Collection Issued: 20210719",
		"Name" : "MBTA-Government-Center-Station",
		"StructType" : "Building",
		"Project_Id" : 888888,
		"Status" : "Current",
		"Editor" : "pbcGIS",
		"Edit_Dt" : "20170824",
		"EditAction" : "Added model from UDTG",
		"Model_ID" : "BOS_6PNBN99",
		"Model_Cred" : "BPDA Urban Design Technology Group",
		"ModelBatch" : "bpda_20170801\\3DNewBuildingin3ds",
		"Model_File" : "Copied from UDTG 3D Studio FIle",
		"Model_Dt" : "20170809",
		"Model_LOD" : 3,
		"Survey_Src" : "Modeled from drawings",
		"Centr_Lat" : 42.3597100249,
		"Centr_Lon" : -71.0593916806,
		"Gnd_El_Ft" : 36.08,
		"Z_Max_Ft" : 78.4999738333,
		"Z_MIn_Ft" : 39.5000518333,
		"Height_Ft" : 42.4199738333,
		"Tile_ID" : "BOS_H_4",
		"Parcel_ID" : "0302604000",
		"GoogleLnk" : "https://www.google.com/maps/search//@42.3577100249303,-71.0593916805731,263a,35y,39.46t/data=!3m1!1e3",
		"NearMapLnk" : "https://apps.nearmap.com/maps/#/@42.3597100249303,-71.0593916805731,21.00z,1d/3D",
		"Parcel_Lnk" : "https://app01.cityofboston.gov/AssessingMap/?find=0302604000"
	}
]