[
	{
		"json_featuretype" : "BOS_H_4 3D Model Collection Issued: 20210719",
		"Name" : "46 48 DEVONSHIRE ST",
		"StructType" : "Building",
		"Project_Id" : 0,
		"Status" : "Current",
		"Appear_Dt" : "19050101",
		"Appear_Src" : "Boston Assessor, 2018",
		"Editor" : "pbcGIS",
		"Edit_Dt" : "20170824",
		"EditAction" : "Extended bottom by 8 feet",
		"Model_ID" : "BOS_0ORHXD0",
		"Model_Cred" : "Cybercity3D",
		"ModelBatch" : "9/14/2014",
		"Model_File" : "Miscellaneous GeoDatabase Feature-Classes, Assimilated by pbcGIS",
		"Model_Dt" : "20140914",
		"Model_LOD" : 2,
		"Survey_Dt" : "20120401",
		"Survey_Src" : "Photogrammetry by Infotech",
		"Centr_Lat" : 42.358546307,
		"Centr_Lon" : -71.0570880702,
		"Gnd_El_Ft" : 15.3773665831,
		"Z_Max_Ft" : 172.000114917,
		"Z_MIn_Ft" : 15.0001008333,
		"Height_Ft" : 156.622748334,
		"Tile_ID" : "BOS_H_4",
		"Parcel_ID" : "0303889000",
		"GoogleLnk" : "https://www.google.com/maps/search//@42.356546306985194,-71.0570880702167,263a,35y,39.46t/data=!3m1!1e3",
		"NearMapLnk" : "https://apps.nearmap.com/maps/#/@42.3585463069852,-71.0570880702167,21.00z,1d/3D",
		"Parcel_Lnk" : "https://app01.cityofboston.gov/AssessingMap/?find=0303889000"
	}
]