[
	{
		"json_featuretype" : "BOS_H_4 3D Model Collection Issued: 20210719",
		"Name" : "31 STATE ST",
		"StructType" : "Building",
		"Project_Id" : 0,
		"Status" : "Current",
		"Appear_Dt" : "18990101",
		"Appear_Src" : "Boston Assessor, 2018",
		"Editor" : "pbcGIS",
		"Edit_Dt" : "20170824",
		"EditAction" : "Extended bottom by 8 feet",
		"Model_ID" : "BOS_EK0VVSD",
		"Model_Cred" : "Cybercity3D",
		"ModelBatch" : "9/14/2014",
		"Model_File" : "Miscellaneous GeoDatabase Feature-Classes, Assimilated by pbcGIS",
		"Model_Dt" : "20140914",
		"Model_LOD" : 2,
		"Survey_Dt" : "20120401",
		"Survey_Src" : "Photogrammetry by Infotech",
		"Centr_Lat" : 42.358601419,
		"Centr_Lon" : -71.0568839654,
		"Gnd_El_Ft" : 13.12,
		"Z_Max_Ft" : 159.000140917,
		"Z_MIn_Ft" : 11.5001078333,
		"Height_Ft" : 145.880140917,
		"Tile_ID" : "BOS_H_4",
		"Parcel_ID" : "0303888000",
		"GoogleLnk" : "https://www.google.com/maps/search//@42.356601418957794,-71.0568839654225,263a,35y,39.46t/data=!3m1!1e3",
		"NearMapLnk" : "https://apps.nearmap.com/maps/#/@42.3586014189578,-71.0568839654225,21.00z,1d/3D",
		"Parcel_Lnk" : "https://app01.cityofboston.gov/AssessingMap/?find=0303888000"
	}
]