[
	{
		"json_featuretype" : "BOS_H_4 3D Model Collection Issued: 20210719",
		"Name" : "45 Province Street",
		"StructType" : "Building",
		"Project_Id" : 153,
		"Status" : "Current",
		"Appear_Dt" : "20170824",
		"Appear_Src" : "UDTG Model",
		"Editor" : "pbcGIS",
		"Edit_Dt" : "20170824",
		"EditAction" : "Added model from UDTG",
		"Model_ID" : "BOS_6MG4EZG",
		"Model_Cred" : "BPDA Urban Design Technology Group",
		"ModelBatch" : "bpda_20170801\\3DNewBuildingin3ds",
		"Model_File" : "45-Province-St-Downtown",
		"Model_Dt" : "20170809",
		"Model_LOD" : 3,
		"Survey_Src" : "Modeled from drawings",
		"Centr_Lat" : 42.3572712463,
		"Centr_Lon" : -71.0599840413,
		"Gnd_El_Ft" : 43.8038264856,
		"Z_Max_Ft" : 404.999977,
		"Z_MIn_Ft" : 46.0000388333,
		"Height_Ft" : 361.196150514,
		"Tile_ID" : "BOS_H_4",
		"Parcel_ID" : "0304705000",
		"GoogleLnk" : "https://www.google.com/maps/search//@42.3552712463288,-71.0599840413018,263a,35y,39.46t/data=!3m1!1e3",
		"NearMapLnk" : "https://apps.nearmap.com/maps/#/@42.3572712463288,-71.0599840413018,21.00z,1d/3D",
		"Parcel_Lnk" : "https://app01.cityofboston.gov/AssessingMap/?find=0304705000"
	}
]