[
	{
		"json_featuretype" : "BOS_H_4 3D Model Collection Issued: 20210719",
		"Name" : "48  BOYLSTON ST",
		"StructType" : "Building",
		"Project_Id" : 1798,
		"ProjectLnk" : "http://www.bostonplans.org/projects/development-projects/48-Boylston-Street",
		"Status" : "Current",
		"Appear_Dt" : "18990101",
		"Appear_Src" : "Boston Assessor, 2018",
		"Editor" : "pbcGIS",
		"Edit_Dt" : "20170824",
		"EditAction" : "Extended bottom by 8 feet",
		"Model_ID" : "BOS_RCF1TNW",
		"Model_Cred" : "Cybercity3D",
		"ModelBatch" : "9/14/2014",
		"Model_File" : "Miscellaneous GeoDatabase Feature-Classes, Assimilated by pbcGIS",
		"Model_Dt" : "20140914",
		"Model_Note" : "split by pbc",
		"Model_LOD" : 2,
		"Survey_Dt" : "20120401",
		"Survey_Src" : "Photogrammetry by Infotech",
		"Centr_Lat" : 42.3520903962,
		"Centr_Lon" : -71.0638405162,
		"Gnd_El_Ft" : 16.4,
		"Z_Max_Ft" : 116.499897833,
		"Z_MIn_Ft" : 7.00011683334,
		"Height_Ft" : 100.099897833,
		"Tile_ID" : "BOS_H_4",
		"Parcel_ID" : "0304894000",
		"GoogleLnk" : "https://www.google.com/maps/search//@42.3500903962303,-71.0638405162121,263a,35y,39.46t/data=!3m1!1e3",
		"NearMapLnk" : "https://apps.nearmap.com/maps/#/@42.3520903962303,-71.0638405162121,21.00z,1d/3D",
		"Parcel_Lnk" : "https://app01.cityofboston.gov/AssessingMap/?find=0304894000"
	}
]