[
	{
		"json_featuretype" : "BOS_H_4 3D Model Collection Issued: 20210719",
		"Name" : "65 CAMBRIDGE ST",
		"StructType" : "Building",
		"Project_Id" : 0,
		"Status" : "Current",
		"Appear_Dt" : "19320101",
		"Appear_Src" : "Boston Assessor, 2018",
		"Editor" : "pbcGIS",
		"Edit_Dt" : "20170824",
		"EditAction" : "Extended bottom by 8 feet",
		"Model_ID" : "BOS_DHWV4FE",
		"Model_Cred" : "Cybercity3D",
		"ModelBatch" : "9/14/2014",
		"Model_File" : "Miscellaneous GeoDatabase Feature-Classes, Assimilated by pbcGIS",
		"Model_Dt" : "20140914",
		"Model_LOD" : 2,
		"Survey_Dt" : "20120401",
		"Survey_Src" : "Photogrammetry by Infotech",
		"Centr_Lat" : 42.3614071074,
		"Centr_Lon" : -71.0616017039,
		"Gnd_El_Ft" : 32.8,
		"Z_Max_Ft" : 220.000018917,
		"Z_MIn_Ft" : 23.0000848333,
		"Height_Ft" : 187.200018917,
		"Tile_ID" : "BOS_H_4",
		"Parcel_ID" : "0302628000",
		"GoogleLnk" : "https://www.google.com/maps/search//@42.359407107400294,-71.0616017038913,263a,35y,39.46t/data=!3m1!1e3",
		"NearMapLnk" : "https://apps.nearmap.com/maps/#/@42.3614071074003,-71.0616017038913,21.00z,1d/3D",
		"Parcel_Lnk" : "https://app01.cityofboston.gov/AssessingMap/?find=0302628000"
	}
]