[
	{
		"json_featuretype" : "BOS_H_4 3D Model Collection Issued: 20210719",
		"Name" : "Park Street Church",
		"StructType" : "Building",
		"Project_Id" : 0,
		"Status" : "Current",
		"Editor" : "pbcGIS",
		"Edit_Dt" : "20170824",
		"EditAction" : "Extended bottom by 8 feet",
		"Model_ID" : "BOS_XQZ5GPI",
		"Model_Cred" : "Cybercity3D",
		"ModelBatch" : "9/14/2014",
		"Model_File" : "Miscellaneous GeoDatabase Feature-Classes, Assimilated by pbcGIS",
		"Model_Dt" : "20140914",
		"Model_LOD" : 2,
		"Survey_Dt" : "20120401",
		"Survey_Src" : "Photogrammetry by Infotech",
		"Centr_Lat" : 42.3575616083,
		"Centr_Lon" : -71.0622255849,
		"Gnd_El_Ft" : 52.48,
		"Z_Max_Ft" : 240.999976917,
		"Z_MIn_Ft" : 44.5000418333,
		"Height_Ft" : 188.519976917,
		"Tile_ID" : "BOS_H_4",
		"Parcel_ID" : "0304676000",
		"GoogleLnk" : "https://www.google.com/maps/search//@42.3555616082771,-71.0622255849297,263a,35y,39.46t/data=!3m1!1e3",
		"NearMapLnk" : "https://apps.nearmap.com/maps/#/@42.3575616082771,-71.0622255849297,21.00z,1d/3D",
		"Parcel_Lnk" : "https://app01.cityofboston.gov/AssessingMap/?find=0304676000"
	}
]