[
	{
		"json_featuretype" : "BOS_H_4 3D Model Collection Issued: 20210719",
		"Name" : "201 Stuart Street-Motor Mart Garage",
		"StructType" : "Building",
		"Project_Id" : 2735,
		"ProjectLnk" : "http://www.bostonplans.org/projects/development-projects/201-Stuart-Street-Motor-Mart-Garage",
		"Status" : "Board Approved",
		"Editor" : "pbc",
		"Edit_Dt" : "20190814",
		"EditAction" : "Inserted 3ds model frmo UDTG batch",
		"Model_ID" : "BOS_I3IPHP0",
		"Model_Cred" : "BPDA_UDTG",
		"ModelBatch" : "bpda_20200514\\3D models in 3ds\\December-2018",
		"Model_File" : "Motor-Mart-Garage-Downtown-2018-PID-2735.3DS",
		"Model_Dt" : "20181201",
		"Model_LOD" : 3,
		"Centr_Lat" : 42.350950559,
		"Centr_Lon" : -71.0683330847,
		"Gnd_El_Ft" : 9.84,
		"Z_Max_Ft" : 317.500152,
		"Z_MIn_Ft" : 7.50011583333,
		"Height_Ft" : 307.660152,
		"Tile_ID" : "BOS_H_4",
		"Parcel_ID" : "0500139000",
		"GoogleLnk" : "https://www.google.com/maps/search//@42.348950559002596,-71.0683330846558,263a,35y,39.46t/data=!3m1!1e3",
		"NearMapLnk" : "https://apps.nearmap.com/maps/#/@42.3509505590026,-71.0683330846558,21.00z,1d/3D",
		"Parcel_Lnk" : "https://app01.cityofboston.gov/AssessingMap/?find=0500139000"
	}
]