[
	{
		"json_featuretype" : "BOS_H_4 3D Model Collection Issued: 20210719",
		"Name" : "115 Winthrop Square",
		"StructType" : "Building",
		"Project_Id" : 3545,
		"ProjectLnk" : "http://www.bostonplans.org/projects/development-projects/115-Winthrop-Square",
		"Status" : "Board Approved",
		"Editor" : "pbcGIS",
		"Edit_Dt" : "20190903",
		"EditAction" : "a*0 Status updated.  No consequences for model status.",
		"Model_ID" : "BOS_HKVP39S",
		"Model_Cred" : "BPDA Urban Design Technology Group",
		"ModelBatch" : "bpda_20180625\\3DNewBuildingin3ds_5SEPT17",
		"Model_File" : "115-Winthrop-Square-May-2018.3DS",
		"Model_Dt" : "20180518",
		"Model_LOD" : 3,
		"Survey_Dt" : "20180518",
		"Survey_Src" : "Modeled from drawings.",
		"Centr_Lat" : 42.3545703075,
		"Centr_Lon" : -71.0570257419,
		"Gnd_El_Ft" : 19.68,
		"Z_Max_Ft" : 706.000031167,
		"Z_MIn_Ft" : 14.0001028333,
		"Height_Ft" : 686.320031167,
		"Tile_ID" : "BOS_H_4",
		"Parcel_ID" : "0304225000",
		"GoogleLnk" : "https://www.google.com/maps/search//@42.352570307516,-71.0570257419008,263a,35y,39.46t/data=!3m1!1e3",
		"NearMapLnk" : "https://apps.nearmap.com/maps/#/@42.354570307516,-71.0570257419008,21.00z,1d/3D",
		"Parcel_Lnk" : "https://app01.cityofboston.gov/AssessingMap/?find=0304225000"
	}
]