[
	{
		"json_featuretype" : "BOS_H_4 3D Model Collection Issued: 20210719",
		"Name" : "252 272 TREMONT ST",
		"StructType" : "Building",
		"Project_Id" : 0,
		"Status" : "Current",
		"Appear_Dt" : "19240101",
		"Appear_Src" : "Boston Assessor, 2018",
		"Editor" : "pbcGIS",
		"Edit_Dt" : "20170824",
		"EditAction" : "Extended bottom by 8 feet",
		"Model_ID" : "BOS_PA68EXC",
		"Model_Cred" : "Cybercity3D",
		"ModelBatch" : "9/14/2014",
		"Model_File" : "Miscellaneous GeoDatabase Feature-Classes, Assimilated by pbcGIS",
		"Model_Dt" : "20140914",
		"Model_LOD" : 2,
		"Survey_Dt" : "20120401",
		"Survey_Src" : "Photogrammetry by Infotech",
		"Centr_Lat" : 42.3505404507,
		"Centr_Lon" : -71.0645486634,
		"Gnd_El_Ft" : 19.9696539185,
		"Z_Max_Ft" : 75.4999798333,
		"Z_MIn_Ft" : 8.50011383335,
		"Height_Ft" : 55.5303259149,
		"Tile_ID" : "BOS_H_4",
		"Parcel_ID" : "0305640000",
		"GoogleLnk" : "https://www.google.com/maps/search//@42.3485404506957,-71.0645486633519,263a,35y,39.46t/data=!3m1!1e3",
		"NearMapLnk" : "https://apps.nearmap.com/maps/#/@42.3505404506957,-71.0645486633519,21.00z,1d/3D",
		"Parcel_Lnk" : "https://app01.cityofboston.gov/AssessingMap/?find=0305640000"
	}
]