[
	{
		"json_featuretype" : "BOS_H_4 3D Model Collection Issued: 20210719",
		"Name" : "Opera House",
		"StructType" : "Building",
		"Project_Id" : 0,
		"Status" : "Current",
		"Appear_Dt" : "19280101",
		"Appear_Src" : "Boston Assessor, 2018",
		"Editor" : "pbcGIS",
		"Edit_Dt" : "20170824",
		"EditAction" : "Extended bottom by 8 feet",
		"Model_ID" : "BOS_AG6NS9R",
		"Model_Cred" : "Cybercity3D",
		"ModelBatch" : "9/14/2014",
		"Model_File" : "Miscellaneous GeoDatabase Feature-Classes, Assimilated by pbcGIS",
		"Model_Dt" : "20140914",
		"Model_LOD" : 2,
		"Survey_Dt" : "20120401",
		"Survey_Src" : "Photogrammetry by Infotech",
		"Centr_Lat" : 42.3540899419,
		"Centr_Lon" : -71.0626633658,
		"Gnd_El_Ft" : 22.96,
		"Z_Max_Ft" : 441.499904,
		"Z_MIn_Ft" : 18.0000948333,
		"Height_Ft" : 418.539904,
		"Tile_ID" : "BOS_H_4",
		"Parcel_ID" : "0304830000",
		"GoogleLnk" : "https://www.google.com/maps/search//@42.352089941920596,-71.0626633657649,263a,35y,39.46t/data=!3m1!1e3",
		"NearMapLnk" : "https://apps.nearmap.com/maps/#/@42.3540899419206,-71.0626633657649,21.00z,1d/3D",
		"Parcel_Lnk" : "https://app01.cityofboston.gov/AssessingMap/?find=0304830000"
	}
]