[
	{
		"json_featuretype" : "BOS_H_4 3D Model Collection Issued: 20210719",
		"Name" : "CLINTON ST",
		"StructType" : "Building",
		"Project_Id" : 0,
		"Status" : "Current",
		"Appear_Dt" : "18990101",
		"Appear_Src" : "Boston Assessor, 2018",
		"Editor" : "pbcGIS",
		"Edit_Dt" : "20170824",
		"EditAction" : "Extended bottom by 8 feet",
		"Model_ID" : "BOS_LWERYYN",
		"Model_Cred" : "Cybercity3D",
		"ModelBatch" : "9/14/2014",
		"Model_File" : "Miscellaneous GeoDatabase Feature-Classes, Assimilated by pbcGIS",
		"Model_Dt" : "20140914",
		"Model_LOD" : 2,
		"Survey_Dt" : "20120401",
		"Survey_Src" : "Photogrammetry by Infotech",
		"Centr_Lat" : 42.359822181,
		"Centr_Lon" : -71.0562792253,
		"Gnd_El_Ft" : 9.84,
		"Z_Max_Ft" : 28.0000748333,
		"Z_MIn_Ft" : 2.00012683334,
		"Height_Ft" : 18.1600748333,
		"Tile_ID" : "BOS_H_4",
		"Parcel_ID" : "0303670000",
		"GoogleLnk" : "https://www.google.com/maps/search//@42.3578221809672,-71.0562792253089,263a,35y,39.46t/data=!3m1!1e3",
		"NearMapLnk" : "https://apps.nearmap.com/maps/#/@42.3598221809672,-71.0562792253089,21.00z,1d/3D",
		"Parcel_Lnk" : "https://app01.cityofboston.gov/AssessingMap/?find=0303670000"
	}
]