[
	{
		"json_featuretype" : "BOS_H_4 3D Model Collection Issued: 20210719",
		"Name" : "5 ACORN ST",
		"StructType" : "Building",
		"Project_Id" : 0,
		"Status" : "Current",
		"Appear_Dt" : "18250101",
		"Appear_Src" : "Boston Assessor, 2018",
		"Editor" : "pbcGIS",
		"Edit_Dt" : "20170909",
		"EditAction" : "Inserted multipatches based on extruded  Bos3d_Building_Poly",
		"Model_ID" : "BOS_7T7A9XJ",
		"Model_Cred" : "Extruded from 2012 Photogrammetric Footprints and DTM by pbcGIS.",
		"ModelBatch" : "GIS Sources",
		"Model_File" : "Bos3dBase.gdb/Bos3d_Buildings_Poly",
		"Model_Dt" : "20170909",
		"Model_LOD" : 1,
		"Survey_Dt" : "20110401",
		"Survey_Src" : "Photogrammetry by Infotech, 2011",
		"Centr_Lat" : 42.3575475111,
		"Centr_Lon" : -71.0688961928,
		"Gnd_El_Ft" : 29.52,
		"Z_Max_Ft" : 73.9999828333,
		"Z_MIn_Ft" : 23.0000848333,
		"Height_Ft" : 44.4799828333,
		"Tile_ID" : "BOS_H_4",
		"Parcel_ID" : "0501526000",
		"GoogleLnk" : "https://www.google.com/maps/search//@42.355547511136194,-71.0688961928204,263a,35y,39.46t/data=!3m1!1e3",
		"NearMapLnk" : "https://apps.nearmap.com/maps/#/@42.3575475111362,-71.0688961928204,21.00z,1d/3D",
		"Parcel_Lnk" : "https://app01.cityofboston.gov/AssessingMap/?find=0501526000"
	}
]