[
	{
		"json_featuretype" : "BOS_H_4 3D Model Collection Issued: 20210719",
		"Name" : "45 Province Street",
		"StructType" : "Building",
		"Project_Id" : 0,
		"Status" : "Current",
		"Appear_Dt" : "20070101",
		"Appear_Src" : "Boston Assessor, 2018",
		"Editor" : "pbcGIS",
		"Edit_Dt" : "20170824",
		"EditAction" : "Extended bottom by 8 feet",
		"Model_ID" : "BOS_COMLFF7",
		"Model_Cred" : "Cybercity3D",
		"ModelBatch" : "9/14/2014",
		"Model_File" : "Miscellaneous GeoDatabase Feature-Classes, Assimilated by pbcGIS",
		"Model_Dt" : "20140914",
		"Model_LOD" : 2,
		"Survey_Dt" : "20120401",
		"Survey_Src" : "Photogrammetry by Infotech",
		"Centr_Lat" : 42.3573972684,
		"Centr_Lon" : -71.0598913738,
		"Gnd_El_Ft" : 45.2820106632,
		"Z_Max_Ft" : 413.49996,
		"Z_MIn_Ft" : 34.5000618333,
		"Height_Ft" : 368.217949337,
		"Tile_ID" : "BOS_H_4",
		"Parcel_ID" : "0304705000",
		"GoogleLnk" : "https://www.google.com/maps/search//@42.355397268373196,-71.0598913737994,263a,35y,39.46t/data=!3m1!1e3",
		"NearMapLnk" : "https://apps.nearmap.com/maps/#/@42.3573972683732,-71.0598913737994,21.00z,1d/3D",
		"Parcel_Lnk" : "https://app01.cityofboston.gov/AssessingMap/?find=0304705000"
	}
]