[
	{
		"json_featuretype" : "BOS_H_4 3D Model Collection Issued: 20210719",
		"Name" : "50 - 60 STANIFORD ST",
		"StructType" : "Building",
		"Project_Id" : 0,
		"Status" : "Current",
		"Appear_Dt" : "19760101",
		"Appear_Src" : "Boston Assessor, 2018",
		"Editor" : "pbcGIS",
		"Edit_Dt" : "20170824",
		"EditAction" : "Extended bottom by 8 feet",
		"Model_ID" : "BOS_EUCAYC7",
		"Model_Cred" : "Cybercity3D",
		"ModelBatch" : "9/14/2014",
		"Model_File" : "Miscellaneous GeoDatabase Feature-Classes, Assimilated by pbcGIS",
		"Model_Dt" : "20140914",
		"Model_LOD" : 2,
		"Survey_Dt" : "20120401",
		"Survey_Src" : "Photogrammetry by Infotech",
		"Centr_Lat" : 42.3625441004,
		"Centr_Lon" : -71.0645462065,
		"Gnd_El_Ft" : 26.2552723833,
		"Z_Max_Ft" : 185.500087917,
		"Z_MIn_Ft" : 20.0000908333,
		"Height_Ft" : 159.244815533,
		"Tile_ID" : "BOS_H_4",
		"Parcel_ID" : "0300470050",
		"GoogleLnk" : "https://www.google.com/maps/search//@42.360544100376295,-71.0645462065369,263a,35y,39.46t/data=!3m1!1e3",
		"NearMapLnk" : "https://apps.nearmap.com/maps/#/@42.3625441003763,-71.0645462065369,21.00z,1d/3D",
		"Parcel_Lnk" : "https://app01.cityofboston.gov/AssessingMap/?find=0300470050"
	}
]