[
	{
		"json_featuretype" : "BOS_H_4 3D Model Collection Issued: 20210719",
		"Name" : "20 SOMERSET ST",
		"StructType" : "Building",
		"Project_Id" : 0,
		"Status" : "Current",
		"Editor" : "pbcGIS",
		"Edit_Dt" : "20170824",
		"EditAction" : "Extended bottom by 8 feet",
		"Model_ID" : "BOS_BOSJFQ8",
		"Model_Cred" : "Cybercity3D",
		"ModelBatch" : "9/14/2014",
		"Model_File" : "Miscellaneous GeoDatabase Feature-Classes, Assimilated by pbcGIS",
		"Model_Dt" : "20140914",
		"Model_LOD" : 2,
		"Survey_Dt" : "20120401",
		"Survey_Src" : "Photogrammetry by Infotech",
		"Centr_Lat" : 42.3596992583,
		"Centr_Lon" : -71.0617920977,
		"Gnd_El_Ft" : 62.32,
		"Z_Max_Ft" : 197.000064917,
		"Z_MIn_Ft" : 56.0000188333,
		"Height_Ft" : 134.680064917,
		"Tile_ID" : "BOS_H_4",
		"Parcel_ID" : "0302782000",
		"GoogleLnk" : "https://www.google.com/maps/search//@42.3576992582586,-71.0617920977045,263a,35y,39.46t/data=!3m1!1e3",
		"NearMapLnk" : "https://apps.nearmap.com/maps/#/@42.3596992582586,-71.0617920977045,21.00z,1d/3D",
		"Parcel_Lnk" : "https://app01.cityofboston.gov/AssessingMap/?find=0302782000"
	}
]