[
	{
		"json_featuretype" : "BOS_H_4 3D Model Collection Issued: 20210719",
		"Name" : "TREMONT ST",
		"StructType" : "Building",
		"Project_Id" : 0,
		"Status" : "Current",
		"Editor" : "pbcGIS",
		"Edit_Dt" : "20170824",
		"EditAction" : "Extended bottom by 8 feet",
		"Model_ID" : "BOS_J2NKEBX",
		"Model_Cred" : "Cybercity3D",
		"ModelBatch" : "9/14/2014",
		"Model_File" : "Miscellaneous GeoDatabase Feature-Classes, Assimilated by pbcGIS",
		"Model_Dt" : "20140914",
		"Model_LOD" : 2,
		"Survey_Dt" : "20120401",
		"Survey_Src" : "Photogrammetry by Infotech",
		"Centr_Lat" : 42.3502892814,
		"Centr_Lon" : -71.0653350442,
		"Gnd_El_Ft" : 26.0261139101,
		"Z_Max_Ft" : 34.5000618333,
		"Z_MIn_Ft" : 18.0000948333,
		"Height_Ft" : 8.47394792322,
		"Tile_ID" : "BOS_H_4",
		"Parcel_ID" : "0500064000",
		"GoogleLnk" : "https://www.google.com/maps/search//@42.348289281352194,-71.0653350441796,263a,35y,39.46t/data=!3m1!1e3",
		"NearMapLnk" : "https://apps.nearmap.com/maps/#/@42.3502892813522,-71.0653350441796,21.00z,1d/3D",
		"Parcel_Lnk" : "https://app01.cityofboston.gov/AssessingMap/?find=0500064000"
	}
]