[
	{
		"json_featuretype" : "BOS_H_4 3D Model Collection Issued: 20210719",
		"Name" : "85 FRANKLIN ST",
		"StructType" : "Building",
		"Project_Id" : 0,
		"Status" : "Current",
		"Editor" : "pbcGIS",
		"Edit_Dt" : "20170824",
		"EditAction" : "Extended bottom by 8 feet",
		"Model_ID" : "BOS_0I488ZA",
		"Model_Cred" : "Cybercity3D",
		"ModelBatch" : "9/14/2014",
		"Model_File" : "Miscellaneous GeoDatabase Feature-Classes, Assimilated by pbcGIS",
		"Model_Dt" : "20140914",
		"Model_LOD" : 2,
		"Survey_Dt" : "20120401",
		"Survey_Src" : "Photogrammetry by Infotech",
		"Centr_Lat" : 42.3551861525,
		"Centr_Lon" : -71.0578983944,
		"Gnd_El_Ft" : 19.68,
		"Z_Max_Ft" : 165.500127917,
		"Z_MIn_Ft" : 11.5001078333,
		"Height_Ft" : 145.820127917,
		"Tile_ID" : "BOS_H_4",
		"Parcel_ID" : "0304617000",
		"GoogleLnk" : "https://www.google.com/maps/search//@42.353186152454995,-71.0578983944471,263a,35y,39.46t/data=!3m1!1e3",
		"NearMapLnk" : "https://apps.nearmap.com/maps/#/@42.355186152455,-71.0578983944471,21.00z,1d/3D",
		"Parcel_Lnk" : "https://app01.cityofboston.gov/AssessingMap/?find=0304617000"
	}
]