[
	{
		"json_featuretype" : "BOS_H_4 3D Model Collection Issued: 20210719",
		"StructType" : "Wall",
		"Project_Id" : 0,
		"Status" : "Current",
		"Appear_Src" : "Recorded in 2011 Infotech photogrammetry.",
		"Editor" : "PBCOTE",
		"Edit_Dt" : "20210615",
		"EditAction" : "Enrolled as new model",
		"Model_ID" : "BOS_LSFE6E3",
		"Model_Cred" : "pbcGIS",
		"ModelBatch" : "Walls_Docks_20210614",
		"Model_File" : "Walls_Docks_20210609.gdb",
		"Model_Dt" : "20210614",
		"Model_Note" : "Height established from measured infotech height. Depth established from DTM.  Width from Infotech Wall Type.",
		"Model_LOD" : 1.5,
		"Survey_Dt" : "20110401",
		"Survey_Src" : "Recorded in 2011 photogrammetry by Infotech.",
		"Centr_Lat" : 42.3585831634,
		"Centr_Lon" : -71.0646962312,
		"Gnd_El_Ft" : 95.12,
		"Z_Max_Ft" : 97.9904204167,
		"Z_MIn_Ft" : 93.2506005,
		"Height_Ft" : 2.87042041667,
		"Tile_ID" : "BOS_H_4",
		"Parcel_ID" : "0501649000",
		"GoogleLnk" : "https://www.google.com/maps/search//@42.356583163360696,-71.0646962311546,263a,35y,39.46t/data=!3m1!1e3",
		"NearMapLnk" : "https://apps.nearmap.com/maps/#/@42.3585831633607,-71.0646962311546,21.00z,1d/3D",
		"Parcel_Lnk" : "https://app01.cityofboston.gov/AssessingMap/?find=0501649000"
	}
]