[
	{
		"json_featuretype" : "BOS_H_4 3D Model Collection Issued: 20210719",
		"Name" : "1 FEDERAL ST",
		"StructType" : "Building",
		"Project_Id" : 0,
		"Status" : "Current",
		"Appear_Dt" : "19760101",
		"Appear_Src" : "Boston Assessor, 2018",
		"Editor" : "pbcGIS",
		"Edit_Dt" : "20170824",
		"EditAction" : "Extended bottom by 8 feet",
		"Model_ID" : "BOS_H7S3PUJ",
		"Model_Cred" : "Cybercity3D",
		"ModelBatch" : "9/14/2014",
		"Model_File" : "Miscellaneous GeoDatabase Feature-Classes, Assimilated by pbcGIS",
		"Model_Dt" : "20140914",
		"Model_LOD" : 2,
		"Survey_Dt" : "20120401",
		"Survey_Src" : "Photogrammetry by Infotech",
		"Centr_Lat" : 42.3560761542,
		"Centr_Lon" : -71.0569902183,
		"Gnd_El_Ft" : 16.4,
		"Z_Max_Ft" : 541.500032083,
		"Z_MIn_Ft" : 10.0001108333,
		"Height_Ft" : 525.100032083,
		"Tile_ID" : "BOS_H_4",
		"Parcel_ID" : "0304668000",
		"GoogleLnk" : "https://www.google.com/maps/search//@42.354076154234,-71.0569902183101,263a,35y,39.46t/data=!3m1!1e3",
		"NearMapLnk" : "https://apps.nearmap.com/maps/#/@42.356076154234,-71.0569902183101,21.00z,1d/3D",
		"Parcel_Lnk" : "https://app01.cityofboston.gov/AssessingMap/?find=0304668000"
	}
]