[
	{
		"json_featuretype" : "BOS_H_4 3D Model Collection Issued: 20210719",
		"Name" : "Chinatown Gate",
		"StructType" : "Building",
		"Project_Id" : 0,
		"Status" : "Current",
		"Editor" : "pj",
		"Edit_Dt" : "20191016",
		"Model_ID" : "BOS_FET6406",
		"Model_Cred" : "Trimble 3d Warehouse Chris B.",
		"Model_File" : "Chinatown gate.kmz",
		"Model_Note" : "Textured",
		"Model_LOD" : 3,
		"Centr_Lat" : 42.3511723981,
		"Centr_Lon" : -71.0597835416,
		"Gnd_El_Ft" : 9.84,
		"Z_Max_Ft" : 47.0000368333,
		"Z_MIn_Ft" : 10.0001108333,
		"Height_Ft" : 37.1600368333,
		"Tile_ID" : "BOS_H_4",
		"Parcel_ID" : "0303430000",
		"GoogleLnk" : "https://www.google.com/maps/search//@42.349172398066095,-71.0597835416094,263a,35y,39.46t/data=!3m1!1e3",
		"NearMapLnk" : "https://apps.nearmap.com/maps/#/@42.3511723980661,-71.0597835416094,21.00z,1d/3D",
		"Parcel_Lnk" : "https://app01.cityofboston.gov/AssessingMap/?find=0303430000"
	}
]