[
	{
		"json_featuretype" : "BOS_H_4 3D Model Collection Issued: 20210719",
		"Name" : "SOMERSET ST",
		"StructType" : "Building",
		"Project_Id" : 1791,
		"ProjectLnk" : "http://www.bostonplans.org/projects/development-projects/Center-Plaza",
		"Status" : "Current",
		"Appear_Dt" : "19670101",
		"Appear_Src" : "Boston Assessor, 2018",
		"Editor" : "pbcGIS",
		"Edit_Dt" : "20170824",
		"EditAction" : "Extended bottom by 8 feet",
		"Model_ID" : "BOS_MET9R6Z",
		"Model_Cred" : "Cybercity3D",
		"ModelBatch" : "9/14/2014",
		"Model_File" : "Miscellaneous GeoDatabase Feature-Classes, Assimilated by pbcGIS",
		"Model_Dt" : "20140914",
		"Model_LOD" : 2,
		"Survey_Dt" : "20120401",
		"Survey_Src" : "Photogrammetry by Infotech",
		"Centr_Lat" : 42.3597513792,
		"Centr_Lon" : -71.0604060045,
		"Gnd_El_Ft" : 36.08,
		"Z_Max_Ft" : 180.500097917,
		"Z_MIn_Ft" : 28.0000748333,
		"Height_Ft" : 144.420097917,
		"Tile_ID" : "BOS_H_4",
		"Parcel_ID" : "0302714000",
		"GoogleLnk" : "https://www.google.com/maps/search//@42.3577513792453,-71.0604060045095,263a,35y,39.46t/data=!3m1!1e3",
		"NearMapLnk" : "https://apps.nearmap.com/maps/#/@42.3597513792453,-71.0604060045095,21.00z,1d/3D",
		"Parcel_Lnk" : "https://app01.cityofboston.gov/AssessingMap/?find=0302714000"
	}
]