[
	{
		"json_featuretype" : "BOS_H_4 3D Model Collection Issued: 20210719",
		"Name" : "500 BOYLSTON  ST",
		"StructType" : "Building",
		"Project_Id" : 0,
		"Status" : "Current",
		"Appear_Dt" : "19870101",
		"Appear_Src" : "Boston Assessor, 2018",
		"Editor" : "pbcGIS",
		"Edit_Dt" : "20170824",
		"EditAction" : "Extended bottom by 8 feet",
		"Model_ID" : "BOS_U56HTAY",
		"Model_Cred" : "Cybercity3D",
		"ModelBatch" : "9/14/2014",
		"Model_File" : "Miscellaneous GeoDatabase Feature-Classes, Assimilated by pbcGIS",
		"Model_Dt" : "20140914",
		"Model_LOD" : 2,
		"Survey_Dt" : "20120401",
		"Survey_Src" : "Photogrammetry by Infotech",
		"Centr_Lat" : 42.350528877,
		"Centr_Lon" : -71.0738582916,
		"Gnd_El_Ft" : 10.1587001601,
		"Z_Max_Ft" : 372.500042,
		"Z_MIn_Ft" : 3.50012383334,
		"Height_Ft" : 362.34134184,
		"Tile_ID" : "BOS_H_4",
		"Parcel_ID" : "0401092000",
		"GoogleLnk" : "https://www.google.com/maps/search//@42.348528877044096,-71.073858291568,263a,35y,39.46t/data=!3m1!1e3",
		"NearMapLnk" : "https://apps.nearmap.com/maps/#/@42.3505288770441,-71.073858291568,21.00z,1d/3D",
		"Parcel_Lnk" : "https://app01.cityofboston.gov/AssessingMap/?find=0401092000"
	}
]