[
	{
		"json_featuretype" : "BOS_H_4 3D Model Collection Issued: 20210719",
		"Name" : "1 WASHINGTON MA",
		"StructType" : "Building",
		"Project_Id" : 0,
		"Status" : "Current",
		"Appear_Dt" : "19710101",
		"Appear_Src" : "Boston Assessor, 2018",
		"Editor" : "pbcGIS",
		"Edit_Dt" : "20170824",
		"EditAction" : "Extended bottom by 8 feet",
		"Model_ID" : "BOS_6M9R3F9",
		"Model_Cred" : "Cybercity3D",
		"ModelBatch" : "9/14/2014",
		"Model_File" : "Miscellaneous GeoDatabase Feature-Classes, Assimilated by pbcGIS",
		"Model_Dt" : "20140914",
		"Model_LOD" : 2,
		"Survey_Dt" : "20120401",
		"Survey_Src" : "Photogrammetry by Infotech",
		"Centr_Lat" : 42.3592630155,
		"Centr_Lon" : -71.0581633113,
		"Gnd_El_Ft" : 25.621672702,
		"Z_Max_Ft" : 242.999972917,
		"Z_MIn_Ft" : 15.0001008333,
		"Height_Ft" : 217.378300215,
		"Tile_ID" : "BOS_H_4",
		"Parcel_ID" : "0302890000",
		"GoogleLnk" : "https://www.google.com/maps/search//@42.3572630154669,-71.0581633113307,263a,35y,39.46t/data=!3m1!1e3",
		"NearMapLnk" : "https://apps.nearmap.com/maps/#/@42.3592630154669,-71.0581633113307,21.00z,1d/3D",
		"Parcel_Lnk" : "https://app01.cityofboston.gov/AssessingMap/?find=0302890000"
	}
]