[
	{
		"json_featuretype" : "BOS_H_4 3D Model Collection Issued: 20210719",
		"Name" : "18 36 OTIS ST",
		"StructType" : "Building",
		"Project_Id" : 0,
		"Status" : "Current",
		"Appear_Dt" : "18990101",
		"Appear_Src" : "Boston Assessor, 2018",
		"Editor" : "pbcGIS",
		"Edit_Dt" : "20170824",
		"EditAction" : "Extended bottom by 8 feet",
		"Model_ID" : "BOS_AWRDY0Y",
		"Model_Cred" : "Cybercity3D",
		"ModelBatch" : "9/14/2014",
		"Model_File" : "Miscellaneous GeoDatabase Feature-Classes, Assimilated by pbcGIS",
		"Model_Dt" : "20140914",
		"Model_LOD" : 2,
		"Survey_Dt" : "20120401",
		"Survey_Src" : "Photogrammetry by Infotech",
		"Centr_Lat" : 42.354279282,
		"Centr_Lon" : -71.0580195537,
		"Gnd_El_Ft" : 22.96,
		"Z_Max_Ft" : 117.999894833,
		"Z_MIn_Ft" : 16.5000978333,
		"Height_Ft" : 95.0398948333,
		"Tile_ID" : "BOS_H_4",
		"Parcel_ID" : "0304618000",
		"GoogleLnk" : "https://www.google.com/maps/search//@42.352279282036996,-71.0580195537071,263a,35y,39.46t/data=!3m1!1e3",
		"NearMapLnk" : "https://apps.nearmap.com/maps/#/@42.354279282037,-71.0580195537071,21.00z,1d/3D",
		"Parcel_Lnk" : "https://app01.cityofboston.gov/AssessingMap/?find=0304618000"
	}
]