[
	{
		"json_featuretype" : "BOS_H_4 3D Model Collection Issued: 20210719",
		"Name" : "10 10A MARSHALL ST",
		"StructType" : "Building",
		"Project_Id" : 0,
		"Status" : "Current",
		"Appear_Dt" : "18990101",
		"Appear_Src" : "Boston Assessor, 2018",
		"Editor" : "pbcGIS",
		"Edit_Dt" : "20170824",
		"EditAction" : "Extended bottom by 8 feet",
		"Model_ID" : "BOS_49EEKMF",
		"Model_Cred" : "Cybercity3D",
		"ModelBatch" : "9/14/2014",
		"Model_File" : "Miscellaneous GeoDatabase Feature-Classes, Assimilated by pbcGIS",
		"Model_Dt" : "20140914",
		"Model_LOD" : 2,
		"Survey_Dt" : "20120401",
		"Survey_Src" : "Photogrammetry by Infotech",
		"Centr_Lat" : 42.3616175375,
		"Centr_Lon" : -71.0567570305,
		"Gnd_El_Ft" : 13.12,
		"Z_Max_Ft" : 52.5000258333,
		"Z_MIn_Ft" : 5.00012083334,
		"Height_Ft" : 39.3800258333,
		"Tile_ID" : "BOS_H_4",
		"Parcel_ID" : "0303346000",
		"GoogleLnk" : "https://www.google.com/maps/search//@42.359617537464295,-71.0567570304738,263a,35y,39.46t/data=!3m1!1e3",
		"NearMapLnk" : "https://apps.nearmap.com/maps/#/@42.3616175374643,-71.0567570304738,21.00z,1d/3D",
		"Parcel_Lnk" : "https://app01.cityofboston.gov/AssessingMap/?find=0303346000"
	}
]