[
	{
		"json_featuretype" : "BOS_H_4 3D Model Collection Issued: 20210719",
		"Name" : "121-127 Portland Street",
		"StructType" : "Building",
		"Project_Id" : 1147,
		"Status" : "Current",
		"Appear_Dt" : "20060110",
		"Appear_Src" : "BPDA Board Approved",
		"Editor" : "pbcGIS",
		"Edit_Dt" : "20190903",
		"EditAction" : "a*0 Status updated.  No consequences for model status.",
		"Model_ID" : "BOS_UH7Y8A2",
		"Model_Cred" : "BPDA Urban Design Technology Group",
		"ModelBatch" : "bpda_20170801\\3DNewBuildingin3ds",
		"Model_File" : "121-Portland-St-West-End",
		"Model_Dt" : "20170809",
		"Model_LOD" : 3,
		"Survey_Dt" : "20060110",
		"Survey_Src" : "Modeled from drawings",
		"Centr_Lat" : 42.3636063629,
		"Centr_Lon" : -71.0604816148,
		"Gnd_El_Ft" : 9.84,
		"Z_Max_Ft" : 139.499851833,
		"Z_MIn_Ft" : 6.50011783333,
		"Height_Ft" : 129.659851833,
		"Tile_ID" : "BOS_H_4",
		"Parcel_ID" : "0301633000",
		"GoogleLnk" : "https://www.google.com/maps/search//@42.3616063628676,-71.0604816148004,263a,35y,39.46t/data=!3m1!1e3",
		"NearMapLnk" : "https://apps.nearmap.com/maps/#/@42.3636063628676,-71.0604816148004,21.00z,1d/3D",
		"Parcel_Lnk" : "https://app01.cityofboston.gov/AssessingMap/?find=0301633000"
	}
]