[
	{
		"json_featuretype" : "BOS_H_4 3D Model Collection Issued: 20210719",
		"Name" : "50 MILK ST",
		"StructType" : "Building",
		"Project_Id" : 0,
		"Status" : "Current",
		"Appear_Dt" : "19820101",
		"Appear_Src" : "Boston Assessor, 2018",
		"Editor" : "pbcGIS",
		"Edit_Dt" : "20170824",
		"EditAction" : "Extended bottom by 8 feet",
		"Model_ID" : "BOS_UV82H1P",
		"Model_Cred" : "Cybercity3D",
		"ModelBatch" : "9/14/2014",
		"Model_File" : "Miscellaneous GeoDatabase Feature-Classes, Assimilated by pbcGIS",
		"Model_Dt" : "20140914",
		"Model_LOD" : 2,
		"Survey_Dt" : "20120401",
		"Survey_Src" : "Photogrammetry by Infotech",
		"Centr_Lat" : 42.3571113955,
		"Centr_Lon" : -71.0576015788,
		"Gnd_El_Ft" : 16.4,
		"Z_Max_Ft" : 299.999858917,
		"Z_MIn_Ft" : 13.5001038333,
		"Height_Ft" : 283.599858917,
		"Tile_ID" : "BOS_H_4",
		"Parcel_ID" : "0303910000",
		"GoogleLnk" : "https://www.google.com/maps/search//@42.3551113954807,-71.0576015788026,263a,35y,39.46t/data=!3m1!1e3",
		"NearMapLnk" : "https://apps.nearmap.com/maps/#/@42.3571113954807,-71.0576015788026,21.00z,1d/3D",
		"Parcel_Lnk" : "https://app01.cityofboston.gov/AssessingMap/?find=0303910000"
	}
]