[
	{
		"json_featuretype" : "BOS_H_4 3D Model Collection Issued: 20210719",
		"Name" : "1 ASHBURTON PL",
		"StructType" : "Building",
		"Project_Id" : 0,
		"Status" : "Current",
		"Appear_Dt" : "19600101",
		"Appear_Src" : "Boston Assessor, 2018",
		"Editor" : "pbcGIS",
		"Edit_Dt" : "20170824",
		"EditAction" : "Extended bottom by 8 feet",
		"Model_ID" : "BOS_RNOU6PV",
		"Model_Cred" : "Cybercity3D",
		"ModelBatch" : "9/14/2014",
		"Model_File" : "Miscellaneous GeoDatabase Feature-Classes, Assimilated by pbcGIS",
		"Model_Dt" : "20140914",
		"Model_LOD" : 2,
		"Survey_Dt" : "20120401",
		"Survey_Src" : "Photogrammetry by Infotech",
		"Centr_Lat" : 42.3593289716,
		"Centr_Lon" : -71.0617721109,
		"Gnd_El_Ft" : 75.44,
		"Z_Max_Ft" : 93.4999438333,
		"Z_MIn_Ft" : 75.4999798333,
		"Height_Ft" : 18.0599438333,
		"Tile_ID" : "BOS_H_4",
		"Parcel_ID" : "0302726500",
		"GoogleLnk" : "https://www.google.com/maps/search//@42.3573289716053,-71.0617721109202,263a,35y,39.46t/data=!3m1!1e3",
		"NearMapLnk" : "https://apps.nearmap.com/maps/#/@42.3593289716053,-71.0617721109202,21.00z,1d/3D",
		"Parcel_Lnk" : "https://app01.cityofboston.gov/AssessingMap/?find=0302726500"
	}
]