[
	{
		"json_featuretype" : "BOS_H_4 3D Model Collection Issued: 20210719",
		"Name" : "20 24 NEWBURY ST",
		"StructType" : "Building",
		"Project_Id" : 0,
		"Status" : "Current",
		"Appear_Dt" : "19200101",
		"Appear_Src" : "Boston Assessor, 2018",
		"Editor" : "pbc",
		"Edit_Dt" : "20201109",
		"EditAction" : "Repaired model normals",
		"Model_ID" : "BOS_DB19OW9",
		"Model_Cred" : "Cybercity3D",
		"ModelBatch" : "9/14/2014",
		"Model_File" : "Miscellaneous GeoDatabase Feature-Classes, Assimilated by pbcGIS",
		"Model_Dt" : "20140914",
		"Model_LOD" : 2,
		"Survey_Dt" : "20120401",
		"Survey_Src" : "Photogrammetry by Infotech",
		"Centr_Lat" : 42.3520411725,
		"Centr_Lon" : -71.0724748288,
		"Gnd_El_Ft" : 13.12,
		"Z_Max_Ft" : 130.999868833,
		"Z_MIn_Ft" : 15.0001008333,
		"Height_Ft" : 117.879868833,
		"Tile_ID" : "BOS_H_4",
		"Parcel_ID" : "0501245000",
		"GoogleLnk" : "https://www.google.com/maps/search//@42.3500411725433,-71.0724748287755,263a,35y,39.46t/data=!3m1!1e3",
		"NearMapLnk" : "https://apps.nearmap.com/maps/#/@42.3520411725433,-71.0724748287755,21.00z,1d/3D",
		"Parcel_Lnk" : "https://app01.cityofboston.gov/AssessingMap/?find=0501245000"
	}
]