[
	{
		"json_featuretype" : "BOS_H_4 3D Model Collection Issued: 20210719",
		"Name" : "21 29 HARRISON AV XT",
		"StructType" : "Building",
		"Project_Id" : 0,
		"Status" : "Current",
		"Appear_Dt" : "19100101",
		"Appear_Src" : "Boston Assessor, 2018",
		"Editor" : "pbcGIS",
		"Edit_Dt" : "20170824",
		"EditAction" : "Extended bottom by 8 feet",
		"Model_ID" : "BOS_30089JV",
		"Model_Cred" : "Cybercity3D",
		"ModelBatch" : "9/14/2014",
		"Model_File" : "Miscellaneous GeoDatabase Feature-Classes, Assimilated by pbcGIS",
		"Model_Dt" : "20140914",
		"Model_LOD" : 2,
		"Survey_Dt" : "20120401",
		"Survey_Src" : "Photogrammetry by Infotech",
		"Centr_Lat" : 42.3532263307,
		"Centr_Lon" : -71.0612765305,
		"Gnd_El_Ft" : 23.2493350094,
		"Z_Max_Ft" : 152.500153917,
		"Z_MIn_Ft" : 143.000172917,
		"Height_Ft" : 129.250818907,
		"Tile_ID" : "BOS_H_4",
		"Parcel_ID" : "0304504000",
		"GoogleLnk" : "https://www.google.com/maps/search//@42.3512263306771,-71.061276530528,263a,35y,39.46t/data=!3m1!1e3",
		"NearMapLnk" : "https://apps.nearmap.com/maps/#/@42.3532263306771,-71.061276530528,21.00z,1d/3D",
		"Parcel_Lnk" : "https://app01.cityofboston.gov/AssessingMap/?find=0304504000"
	}
]