[
	{
		"json_featuretype" : "BOS_H_4 3D Model Collection Issued: 20210719",
		"Name" : "20 -54 PARK PZ",
		"StructType" : "Building",
		"Project_Id" : 0,
		"Status" : "Current",
		"Appear_Dt" : "19270101",
		"Appear_Src" : "Boston Assessor, 2018",
		"Editor" : "pbcGIS",
		"Edit_Dt" : "20170824",
		"EditAction" : "Extended bottom by 8 feet",
		"Model_ID" : "BOS_985L5Z4",
		"Model_Cred" : "Cybercity3D",
		"ModelBatch" : "9/14/2014",
		"Model_File" : "Miscellaneous GeoDatabase Feature-Classes, Assimilated by pbcGIS",
		"Model_Dt" : "20140914",
		"Model_LOD" : 2,
		"Survey_Dt" : "20120401",
		"Survey_Src" : "Photogrammetry by Infotech",
		"Centr_Lat" : 42.351062077,
		"Centr_Lon" : -71.0694554194,
		"Gnd_El_Ft" : 6.56,
		"Z_Max_Ft" : 220.000018917,
		"Z_MIn_Ft" : 3.50012383334,
		"Height_Ft" : 213.440018917,
		"Tile_ID" : "BOS_H_4",
		"Parcel_ID" : "0500810000",
		"GoogleLnk" : "https://www.google.com/maps/search//@42.3490620769783,-71.0694554194314,263a,35y,39.46t/data=!3m1!1e3",
		"NearMapLnk" : "https://apps.nearmap.com/maps/#/@42.3510620769783,-71.0694554194314,21.00z,1d/3D",
		"Parcel_Lnk" : "https://app01.cityofboston.gov/AssessingMap/?find=0500810000"
	}
]