[
	{
		"json_featuretype" : "BOS_H_4 3D Model Collection Issued: 20210719",
		"Name" : "CHAUNCY ST",
		"StructType" : "Building",
		"Project_Id" : 0,
		"Status" : "Current",
		"Appear_Dt" : "19870101",
		"Appear_Src" : "Boston Assessor, 2018",
		"Editor" : "pbcGIS",
		"Edit_Dt" : "20170824",
		"EditAction" : "Extended bottom by 8 feet",
		"Model_ID" : "BOS_S2WSPEF",
		"Model_Cred" : "Cybercity3D",
		"ModelBatch" : "9/14/2014",
		"Model_File" : "Miscellaneous GeoDatabase Feature-Classes, Assimilated by pbcGIS",
		"Model_Dt" : "20140914",
		"Model_LOD" : 2,
		"Survey_Dt" : "20120401",
		"Survey_Src" : "Photogrammetry by Infotech",
		"Centr_Lat" : 42.3530325662,
		"Centr_Lon" : -71.0598643529,
		"Gnd_El_Ft" : 16.4,
		"Z_Max_Ft" : 135.999858833,
		"Z_MIn_Ft" : 8.50011383335,
		"Height_Ft" : 119.599858833,
		"Tile_ID" : "BOS_H_4",
		"Parcel_ID" : "0304520000",
		"GoogleLnk" : "https://www.google.com/maps/search//@42.351032566211096,-71.0598643528733,263a,35y,39.46t/data=!3m1!1e3",
		"NearMapLnk" : "https://apps.nearmap.com/maps/#/@42.3530325662111,-71.0598643528733,21.00z,1d/3D",
		"Parcel_Lnk" : "https://app01.cityofboston.gov/AssessingMap/?find=0304520000"
	}
]