[
	{
		"json_featuretype" : "BOS_H_4 3D Model Collection Issued: 20210719",
		"Name" : "255 265 CHARLES ST",
		"Project_Id" : 0,
		"Status" : "Demolished",
		"Appear_Dt" : "19690101",
		"Appear_Src" : "Boston Assessor, 2018",
		"Editor" : "pbcGIS",
		"Edit_Dt" : "20170824",
		"EditAction" : "Inserted from CyberCity Medley by pbcGIS",
		"Model_ID" : "BOS_XKFY8AA",
		"ModelBatch" : "9/14/2014",
		"Model_File" : "Miscellaneous GeoDatabase Feature-Classes, Assimilated by pbcGIS",
		"Model_Dt" : "20140914",
		"Model_LOD" : 0,
		"Survey_Dt" : "20120401",
		"Survey_Src" : "Photogrammetry by Infotech",
		"Centr_Lat" : 42.3625416864,
		"Centr_Lon" : -71.0689402519,
		"Gnd_El_Ft" : 10.2948481975,
		"Z_Max_Ft" : 18.0000948333,
		"Z_MIn_Ft" : 10.0001108333,
		"Height_Ft" : 7.70524663585,
		"Tile_ID" : "BOS_H_4",
		"Parcel_ID" : "0300370000",
		"GoogleLnk" : "https://www.google.com/maps/search//@42.3605416863757,-71.0689402519474,263a,35y,39.46t/data=!3m1!1e3",
		"NearMapLnk" : "https://apps.nearmap.com/maps/#/@42.3625416863757,-71.0689402519474,21.00z,1d/3D",
		"Parcel_Lnk" : "https://app01.cityofboston.gov/AssessingMap/?find=0300370000"
	}
]