[
	{
		"json_featuretype" : "BOS_H_4 3D Model Collection Issued: 20210719",
		"Name" : "45 Stuart Street",
		"StructType" : "Building",
		"Project_Id" : 1327,
		"ProjectLnk" : "http://www.bostonplans.org/projects/development-projects/45-Stuart-Street",
		"Status" : "Current",
		"Appear_Dt" : "20111117",
		"Appear_Src" : "BPDA Board Approved",
		"Editor" : "pbcGIS",
		"Edit_Dt" : "20170824",
		"EditAction" : "Added model from UDTG",
		"Model_ID" : "BOS_54DY53L",
		"Model_Cred" : "BPDA Urban Design Technology Group",
		"ModelBatch" : "bpda_20170801\\3DNewBuildingin3ds",
		"Model_File" : "45-Stuart-St-Chinatown",
		"Model_Dt" : "20170809",
		"Model_LOD" : 3,
		"Survey_Dt" : "20111117",
		"Survey_Src" : "Modeled from drawings",
		"Centr_Lat" : 42.3514250286,
		"Centr_Lon" : -71.0639565736,
		"Gnd_El_Ft" : 13.12,
		"Z_Max_Ft" : 318.000151,
		"Z_MIn_Ft" : 13.0001048333,
		"Height_Ft" : 304.880151,
		"Tile_ID" : "BOS_H_4",
		"Parcel_ID" : "0304910020",
		"GoogleLnk" : "https://www.google.com/maps/search//@42.349425028632595,-71.0639565736042,263a,35y,39.46t/data=!3m1!1e3",
		"NearMapLnk" : "https://apps.nearmap.com/maps/#/@42.3514250286326,-71.0639565736042,21.00z,1d/3D",
		"Parcel_Lnk" : "https://app01.cityofboston.gov/AssessingMap/?find=0304910020"
	}
]