[
	{
		"json_featuretype" : "BOS_H_4 3D Model Collection Issued: 20210719",
		"Name" : "17 BEACON ST",
		"StructType" : "Building",
		"Project_Id" : 0,
		"Status" : "Current",
		"Editor" : "pbcGIS",
		"Edit_Dt" : "20170824",
		"EditAction" : "Extended bottom by 8 feet",
		"Model_ID" : "BOS_DNV19SL",
		"Model_Cred" : "Cybercity3D",
		"ModelBatch" : "9/14/2014",
		"Model_File" : "Miscellaneous GeoDatabase Feature-Classes, Assimilated by pbcGIS",
		"Model_Dt" : "20140914",
		"Model_LOD" : 2,
		"Survey_Dt" : "20120401",
		"Survey_Src" : "Photogrammetry by Infotech",
		"Centr_Lat" : 42.3584462801,
		"Centr_Lon" : -71.0622283145,
		"Gnd_El_Ft" : 72.6228066669,
		"Z_Max_Ft" : 263.999930917,
		"Z_MIn_Ft" : 67.4999958333,
		"Height_Ft" : 191.37712425,
		"Tile_ID" : "BOS_H_4",
		"Parcel_ID" : "0302806000",
		"GoogleLnk" : "https://www.google.com/maps/search//@42.3564462800723,-71.0622283144897,263a,35y,39.46t/data=!3m1!1e3",
		"NearMapLnk" : "https://apps.nearmap.com/maps/#/@42.3584462800723,-71.0622283144897,21.00z,1d/3D",
		"Parcel_Lnk" : "https://app01.cityofboston.gov/AssessingMap/?find=0302806000"
	}
]