[
	{
		"json_featuretype" : "BOS_H_4 3D Model Collection Issued: 20210719",
		"Name" : "Old City Hall",
		"StructType" : "Building",
		"Project_Id" : 0,
		"Status" : "Current",
		"Appear_Dt" : "19150101",
		"Appear_Src" : "Boston Assessor, 2018",
		"Editor" : "pbcGIS",
		"Edit_Dt" : "20170824",
		"EditAction" : "Extended bottom by 8 feet",
		"Model_ID" : "BOS_I5YDONJ",
		"Model_Cred" : "Cybercity3D",
		"ModelBatch" : "9/14/2014",
		"Model_File" : "Miscellaneous GeoDatabase Feature-Classes, Assimilated by pbcGIS",
		"Model_Dt" : "20140914",
		"Model_LOD" : 2,
		"Survey_Dt" : "20120401",
		"Survey_Src" : "Photogrammetry by Infotech",
		"Centr_Lat" : 42.3585697658,
		"Centr_Lon" : -71.0594408763,
		"Gnd_El_Ft" : 36.08,
		"Z_Max_Ft" : 192.000074917,
		"Z_MIn_Ft" : 31.5000678333,
		"Height_Ft" : 155.920074917,
		"Tile_ID" : "BOS_H_4",
		"Parcel_ID" : "0302859000",
		"GoogleLnk" : "https://www.google.com/maps/search//@42.3565697658047,-71.0594408762693,263a,35y,39.46t/data=!3m1!1e3",
		"NearMapLnk" : "https://apps.nearmap.com/maps/#/@42.3585697658047,-71.0594408762693,21.00z,1d/3D",
		"Parcel_Lnk" : "https://app01.cityofboston.gov/AssessingMap/?find=0302859000"
	}
]