[
	{
		"json_featuretype" : "BOS_H_4 3D Model Collection Issued: 20210719",
		"Name" : "11 27 BOWDOIN ST",
		"StructType" : "Building",
		"Project_Id" : 0,
		"Status" : "Current",
		"Appear_Dt" : "19990101",
		"Appear_Src" : "Boston Assessor, 2018",
		"Editor" : "pbcGIS",
		"Edit_Dt" : "20170909",
		"EditAction" : "Inserted multipatches based on extruded  Bos3d_Building_Poly",
		"Model_ID" : "BOS_AZYTWA8",
		"Model_Cred" : "Extruded from 2012 Photogrammetric Footprints and DTM by pbcGIS.",
		"ModelBatch" : "GIS Sources",
		"Model_File" : "Bos3dBase.gdb/Bos3d_Buildings_Poly",
		"Model_Dt" : "20170909",
		"Model_LOD" : 1,
		"Survey_Dt" : "20110401",
		"Survey_Src" : "Photogrammetry by Infotech, 2011",
		"Centr_Lat" : 42.360816385,
		"Centr_Lon" : -71.0631025619,
		"Gnd_El_Ft" : 42.64,
		"Z_Max_Ft" : 94.9999408333,
		"Z_MIn_Ft" : 37.5000558333,
		"Height_Ft" : 52.3599408333,
		"Tile_ID" : "BOS_H_4",
		"Parcel_ID" : "0300028000",
		"GoogleLnk" : "https://www.google.com/maps/search//@42.3588163849594,-71.0631025618537,263a,35y,39.46t/data=!3m1!1e3",
		"NearMapLnk" : "https://apps.nearmap.com/maps/#/@42.3608163849594,-71.0631025618537,21.00z,1d/3D",
		"Parcel_Lnk" : "https://app01.cityofboston.gov/AssessingMap/?find=0300028000"
	}
]