[
	{
		"json_featuretype" : "BOS_H_4 3D Model Collection Issued: 20210719",
		"Name" : "4 BEACON ST",
		"StructType" : "Building",
		"Project_Id" : 0,
		"Status" : "Current",
		"Appear_Dt" : "19100101",
		"Appear_Src" : "Boston Assessor, 2018",
		"Editor" : "pbcGIS",
		"Edit_Dt" : "20170824",
		"EditAction" : "Extended bottom by 8 feet",
		"Model_ID" : "BOS_C9W8KCD",
		"Model_Cred" : "Cybercity3D",
		"ModelBatch" : "9/14/2014",
		"Model_File" : "Miscellaneous GeoDatabase Feature-Classes, Assimilated by pbcGIS",
		"Model_Dt" : "20140914",
		"Model_LOD" : 2,
		"Survey_Dt" : "20120401",
		"Survey_Src" : "Photogrammetry by Infotech",
		"Centr_Lat" : 42.3578681111,
		"Centr_Lon" : -71.0610426221,
		"Gnd_El_Ft" : 55.76,
		"Z_Max_Ft" : 244.499969917,
		"Z_MIn_Ft" : 48.0000348333,
		"Height_Ft" : 188.739969917,
		"Tile_ID" : "BOS_H_4",
		"Parcel_ID" : "0304675000",
		"GoogleLnk" : "https://www.google.com/maps/search//@42.3558681111408,-71.061042622112,263a,35y,39.46t/data=!3m1!1e3",
		"NearMapLnk" : "https://apps.nearmap.com/maps/#/@42.3578681111408,-71.061042622112,21.00z,1d/3D",
		"Parcel_Lnk" : "https://app01.cityofboston.gov/AssessingMap/?find=0304675000"
	}
]