[
	{
		"json_featuretype" : "BOS_H_4 3D Model Collection Issued: 20210719",
		"Name" : "Hong Lok House (Chinatown)",
		"StructType" : "Building",
		"Project_Id" : 1332,
		"ProjectLnk" : "http://www.bostonplans.org/projects/development-projects/Hong-Lok-House-(Chinatown)",
		"Status" : "Current",
		"Appear_Dt" : "20080313",
		"Appear_Src" : "BPDA Board Approved",
		"Editor" : "pbcGIS",
		"Edit_Dt" : "20170824",
		"EditAction" : "Added model from UDTG",
		"Model_ID" : "BOS_51S1SEJ",
		"Model_Cred" : "BPDA Urban Design Technology Group",
		"ModelBatch" : "bpda_20170801\\3DNewBuildingin3ds",
		"Model_File" : "Hong-Lok-House-Chinatown",
		"Model_Dt" : "20170809",
		"Model_LOD" : 3,
		"Survey_Dt" : "20080313",
		"Survey_Src" : "Modeled from drawings",
		"Centr_Lat" : 42.3522909123,
		"Centr_Lon" : -71.0619620945,
		"Gnd_El_Ft" : 17.6634609561,
		"Z_Max_Ft" : 129.499871833,
		"Z_MIn_Ft" : 18.0000948333,
		"Height_Ft" : 111.836410877,
		"Tile_ID" : "BOS_H_4",
		"Parcel_ID" : "0304968000",
		"GoogleLnk" : "https://www.google.com/maps/search//@42.3502909123456,-71.0619620944797,263a,35y,39.46t/data=!3m1!1e3",
		"NearMapLnk" : "https://apps.nearmap.com/maps/#/@42.3522909123456,-71.0619620944797,21.00z,1d/3D",
		"Parcel_Lnk" : "https://app01.cityofboston.gov/AssessingMap/?find=0304968000"
	}
]