[
	{
		"json_featuretype" : "BOS_H_4 3D Model Collection Issued: 20210719",
		"Name" : "296 Cambridge Street",
		"StructType" : "Building",
		"Project_Id" : 866,
		"ProjectLnk" : "http://www.bostonplans.org/projects/development-projects/296-Cambridge-Street",
		"Status" : "Current",
		"Appear_Dt" : "20081113",
		"Appear_Src" : "BPDA Board Approved",
		"Editor" : "pbcGIS",
		"Edit_Dt" : "20170824",
		"EditAction" : "Added model from UDTG",
		"Model_ID" : "BOS_ARIKL1P",
		"Model_Cred" : "BPDA Urban Design Technology Group",
		"ModelBatch" : "bpda_20170801\\3DNewBuildingin3ds",
		"Model_File" : "296-Cambridge-St-Beacon-Hill",
		"Model_Dt" : "20170809",
		"Model_LOD" : 3,
		"Survey_Dt" : "20081113",
		"Survey_Src" : "Modeled from drawings",
		"Centr_Lat" : 42.3609380576,
		"Centr_Lon" : -71.068448782,
		"Gnd_El_Ft" : 13.12,
		"Z_Max_Ft" : 67.4999958333,
		"Z_MIn_Ft" : 10.0001108333,
		"Height_Ft" : 54.3799958333,
		"Tile_ID" : "BOS_H_4",
		"Parcel_ID" : "0502205000",
		"GoogleLnk" : "https://www.google.com/maps/search//@42.358938057645794,-71.0684487819596,263a,35y,39.46t/data=!3m1!1e3",
		"NearMapLnk" : "https://apps.nearmap.com/maps/#/@42.3609380576458,-71.0684487819596,21.00z,1d/3D",
		"Parcel_Lnk" : "https://app01.cityofboston.gov/AssessingMap/?find=0502205000"
	}
]