[
	{
		"json_featuretype" : "BOS_H_4 3D Model Collection Issued: 20210719",
		"Name" : "Millennium Tower",
		"StructType" : "Building",
		"Project_Id" : 1615,
		"Status" : "Current",
		"Appear_Dt" : "20180716",
		"Appear_Src" : "Construction complete in Google Oblique 07/16/2018",
		"Editor" : "pbcGIS",
		"Edit_Dt" : "20180716",
		"EditAction" : "Updated Status to Current Per May 2018 Article80 Table",
		"Model_ID" : "BOS_RIORF23",
		"Model_Cred" : "BPDA Urban Design Technology Group",
		"ModelBatch" : "bpda_20170801\\3DNewBuildingin3ds",
		"Model_File" : "Millennium-Town-Downtown",
		"Model_Dt" : "20170809",
		"Model_LOD" : 3,
		"Survey_Src" : "Modeled from drawings",
		"Centr_Lat" : 42.3555982118,
		"Centr_Lon" : -71.0596849114,
		"Gnd_El_Ft" : 26.24,
		"Z_Max_Ft" : 676.000091167,
		"Z_MIn_Ft" : 23.0000848333,
		"Height_Ft" : 649.760091167,
		"Tile_ID" : "BOS_H_4",
		"Parcel_ID" : "0304585010",
		"GoogleLnk" : "https://www.google.com/maps/search//@42.3535982118229,-71.0596849114011,263a,35y,39.46t/data=!3m1!1e3",
		"NearMapLnk" : "https://apps.nearmap.com/maps/#/@42.3555982118229,-71.0596849114011,21.00z,1d/3D",
		"Parcel_Lnk" : "https://app01.cityofboston.gov/AssessingMap/?find=0304585010"
	}
]