[
	{
		"json_featuretype" : "BOS_H_4 3D Model Collection Issued: 20210719",
		"Name" : "42 40 MT VERNON ST",
		"StructType" : "Building",
		"Project_Id" : 0,
		"Status" : "Current",
		"Appear_Dt" : "19990101",
		"Appear_Src" : "Boston Assessor, 2018",
		"Editor" : "pbcGIS",
		"Edit_Dt" : "20170909",
		"EditAction" : "Inserted multipatches based on extruded  Bos3d_Building_Poly",
		"Model_ID" : "BOS_H0ZMDUU",
		"Model_Cred" : "Extruded from 2012 Photogrammetric Footprints and DTM by pbcGIS.",
		"ModelBatch" : "GIS Sources",
		"Model_File" : "Bos3dBase.gdb/Bos3d_Buildings_Poly",
		"Model_Dt" : "20170909",
		"Model_LOD" : 1,
		"Survey_Dt" : "20110401",
		"Survey_Src" : "Photogrammetry by Infotech, 2011",
		"Centr_Lat" : 42.3581450787,
		"Centr_Lon" : -71.0663810821,
		"Gnd_El_Ft" : 85.28,
		"Z_Max_Ft" : 154.000150917,
		"Z_MIn_Ft" : 83.4999638333,
		"Height_Ft" : 68.7201509167,
		"Tile_ID" : "BOS_H_4",
		"Parcel_ID" : "0501572000",
		"GoogleLnk" : "https://www.google.com/maps/search//@42.3561450786597,-71.06638108207,263a,35y,39.46t/data=!3m1!1e3",
		"NearMapLnk" : "https://apps.nearmap.com/maps/#/@42.3581450786597,-71.06638108207,21.00z,1d/3D",
		"Parcel_Lnk" : "https://app01.cityofboston.gov/AssessingMap/?find=0501572000"
	}
]