[
	{
		"json_featuretype" : "BOS_H_4 3D Model Collection Issued: 20210719",
		"Name" : "Brattle Book Shop",
		"StructType" : "Building",
		"Project_Id" : 0,
		"Status" : "Current",
		"Appear_Dt" : "18990101",
		"Appear_Src" : "Boston Assessor, 2018",
		"Editor" : "pbc",
		"Edit_Dt" : "20201109",
		"EditAction" : "Repaired model normals",
		"Model_ID" : "BOS_V9BVYEO",
		"Model_Cred" : "Cybercity3D",
		"ModelBatch" : "9/14/2014",
		"Model_File" : "Miscellaneous GeoDatabase Feature-Classes, Assimilated by pbcGIS",
		"Model_Dt" : "20140914",
		"Model_LOD" : 2,
		"Survey_Dt" : "20120401",
		"Survey_Src" : "Photogrammetry by Infotech",
		"Centr_Lat" : 42.3545632558,
		"Centr_Lon" : -71.0617901454,
		"Gnd_El_Ft" : 29.52,
		"Z_Max_Ft" : 109.999910833,
		"Z_MIn_Ft" : 29.5000718333,
		"Height_Ft" : 80.4799108333,
		"Tile_ID" : "BOS_H_4",
		"Parcel_ID" : "0304810010",
		"GoogleLnk" : "https://www.google.com/maps/search//@42.3525632558149,-71.0617901453523,263a,35y,39.46t/data=!3m1!1e3",
		"NearMapLnk" : "https://apps.nearmap.com/maps/#/@42.3545632558149,-71.0617901453523,21.00z,1d/3D",
		"Parcel_Lnk" : "https://app01.cityofboston.gov/AssessingMap/?find=0304810010"
	}
]