[
	{
		"json_featuretype" : "BOS_H_4 3D Model Collection Issued: 20210719",
		"Name" : "28 STATE ST",
		"StructType" : "Building",
		"Project_Id" : 0,
		"Status" : "Current",
		"Appear_Dt" : "19680101",
		"Appear_Src" : "Boston Assessor, 2018",
		"Editor" : "pbcGIS",
		"Edit_Dt" : "20170824",
		"EditAction" : "Extended bottom by 8 feet",
		"Model_ID" : "BOS_MKENKKI",
		"Model_Cred" : "Cybercity3D",
		"ModelBatch" : "9/14/2014",
		"Model_File" : "Miscellaneous GeoDatabase Feature-Classes, Assimilated by pbcGIS",
		"Model_Dt" : "20140914",
		"Model_LOD" : 2,
		"Survey_Dt" : "20120401",
		"Survey_Src" : "Photogrammetry by Infotech",
		"Centr_Lat" : 42.3593374614,
		"Centr_Lon" : -71.0574526341,
		"Gnd_El_Ft" : 13.1530916912,
		"Z_Max_Ft" : 530.000055083,
		"Z_MIn_Ft" : 15.0001008333,
		"Height_Ft" : 516.846963392,
		"Tile_ID" : "BOS_H_4",
		"Parcel_ID" : "0303694000",
		"GoogleLnk" : "https://www.google.com/maps/search//@42.3573374613663,-71.0574526340635,263a,35y,39.46t/data=!3m1!1e3",
		"NearMapLnk" : "https://apps.nearmap.com/maps/#/@42.3593374613663,-71.0574526340635,21.00z,1d/3D",
		"Parcel_Lnk" : "https://app01.cityofboston.gov/AssessingMap/?find=0303694000"
	}
]