[
	{
		"json_featuretype" : "BOS_H_4 3D Model Collection Issued: 20210719",
		"Name" : "Government Center Garage",
		"StructType" : "Building",
		"Project_Id" : 0,
		"Status" : "Permitted Demo",
		"Appear_Dt" : "20180101",
		"Disapp_Src" : "New projectsbeing built with garage still standing per Nearmap 03/27/2021",
		"Editor" : "PBCOTE",
		"Edit_Dt" : "20210615",
		"EditAction" : "Returned to model after being deleted mistakenly.",
		"Model_ID" : "BOS_9PL66T9",
		"Model_Cred" : "Cybercity 3D",
		"ModelBatch" : "9/14/2014",
		"Model_File" : "Miscellaneous GeoDatabase Feature-Classes, Assimilated by pbcGIS",
		"Model_Dt" : "20140914",
		"Model_LOD" : 0,
		"Survey_Dt" : "20120401",
		"Survey_Src" : "Photogrammetry by Infotech",
		"Centr_Lat" : 42.3626198296,
		"Centr_Lon" : -71.0592229439,
		"Gnd_El_Ft" : 9.84,
		"Z_Max_Ft" : 147.500163917,
		"Z_MIn_Ft" : 15.0001008333,
		"Height_Ft" : 137.660163917,
		"Tile_ID" : "BOS_H_4",
		"Parcel_ID" : "0302700000",
		"GoogleLnk" : "https://www.google.com/maps/search//@42.3606198295791,-71.0592229439099,263a,35y,39.46t/data=!3m1!1e3",
		"NearMapLnk" : "https://apps.nearmap.com/maps/#/@42.3626198295791,-71.0592229439099,21.00z,1d/3D",
		"Parcel_Lnk" : "https://app01.cityofboston.gov/AssessingMap/?find=0302700000"
	}
]