[
	{
		"json_featuretype" : "BOS_H_4 3D Model Collection Issued: 20210719",
		"Name" : "15 25 HARRISON AV",
		"StructType" : "Building",
		"Project_Id" : 0,
		"Status" : "Current",
		"Appear_Dt" : "19200101",
		"Appear_Src" : "Boston Assessor, 2018",
		"Editor" : "pbcGIS",
		"Edit_Dt" : "20170824",
		"EditAction" : "Extended bottom by 8 feet",
		"Model_ID" : "BOS_HI7VOZK",
		"Model_Cred" : "Cybercity3D",
		"ModelBatch" : "9/14/2014",
		"Model_File" : "Miscellaneous GeoDatabase Feature-Classes, Assimilated by pbcGIS",
		"Model_Dt" : "20140914",
		"Model_LOD" : 2,
		"Survey_Dt" : "20120401",
		"Survey_Src" : "Photogrammetry by Infotech",
		"Centr_Lat" : 42.3519702,
		"Centr_Lon" : -71.0614593751,
		"Gnd_El_Ft" : 15.6284906398,
		"Z_Max_Ft" : 89.9999508333,
		"Z_MIn_Ft" : 8.50011383335,
		"Height_Ft" : 74.3714601936,
		"Tile_ID" : "BOS_H_4",
		"Parcel_ID" : "0304979020",
		"GoogleLnk" : "https://www.google.com/maps/search//@42.349970199986394,-71.0614593751349,263a,35y,39.46t/data=!3m1!1e3",
		"NearMapLnk" : "https://apps.nearmap.com/maps/#/@42.3519701999864,-71.0614593751349,21.00z,1d/3D",
		"Parcel_Lnk" : "https://app01.cityofboston.gov/AssessingMap/?find=0304979020"
	}
]