[
	{
		"json_featuretype" : "BOS_H_4 3D Model Collection Issued: 20210719",
		"StructType" : "BLDG",
		"Project_Id" : 0,
		"Status" : "Demolished",
		"Appear_Dt" : "19300101",
		"Appear_Src" : "Boston Assessor, 2018",
		"Editor" : "pbcGIS",
		"Edit_Dt" : "20170909",
		"EditAction" : "Inserted multipatches based on extruded  Bos3d_Building_Poly",
		"Model_ID" : "BOS_IROLM71",
		"ModelBatch" : "9/9/2017",
		"Model_File" : "Bos3dBase.gdb/Bos3d_Buildings_Poly",
		"Model_Dt" : "20170909",
		"Model_LOD" : 1,
		"Survey_Dt" : "20110401",
		"Survey_Src" : "Photogrammetry by Infotech, 2011",
		"Centr_Lat" : 42.3598473932,
		"Centr_Lon" : -71.0638076471,
		"Gnd_El_Ft" : 56.8446261059,
		"Z_Max_Ft" : 142.499845833,
		"Z_MIn_Ft" : 52.5000258333,
		"Height_Ft" : 85.6552197274,
		"Tile_ID" : "BOS_H_4",
		"Parcel_ID" : "0300050010",
		"StructUse" : "E",
		"GoogleLnk" : "https://www.google.com/maps/search//@42.3578473931531,-71.0638076471265,263a,35y,39.46t/data=!3m1!1e3",
		"NearMapLnk" : "https://apps.nearmap.com/maps/#/@42.3598473931531,-71.0638076471265,21.00z,1d/3D",
		"Parcel_Lnk" : "https://app01.cityofboston.gov/AssessingMap/?find=0300050010"
	}
]