[
	{
		"json_featuretype" : "BOS_H_4 3D Model Collection Issued: 20210719",
		"Name" : "John F. Kennedy Building",
		"StructType" : "Building",
		"Project_Id" : 0,
		"Status" : "Current",
		"Appear_Dt" : "19600101",
		"Appear_Src" : "Boston Assessor, 2018",
		"Editor" : "pbcGIS",
		"Edit_Dt" : "20170824",
		"EditAction" : "Extended bottom by 8 feet",
		"Model_ID" : "BOS_XDG4DDO",
		"Model_Cred" : "Cybercity3D",
		"ModelBatch" : "9/14/2014",
		"Model_File" : "Miscellaneous GeoDatabase Feature-Classes, Assimilated by pbcGIS",
		"Model_Dt" : "20140914",
		"Model_LOD" : 2,
		"Survey_Dt" : "20120401",
		"Survey_Src" : "Photogrammetry by Infotech",
		"Centr_Lat" : 42.3614303025,
		"Centr_Lon" : -71.0592337174,
		"Gnd_El_Ft" : 19.68,
		"Z_Max_Ft" : 387.000013,
		"Z_MIn_Ft" : 15.0001008333,
		"Height_Ft" : 367.320013,
		"Tile_ID" : "BOS_H_4",
		"Parcel_ID" : "0302605000",
		"GoogleLnk" : "https://www.google.com/maps/search//@42.3594303025084,-71.0592337173977,263a,35y,39.46t/data=!3m1!1e3",
		"NearMapLnk" : "https://apps.nearmap.com/maps/#/@42.3614303025084,-71.0592337173977,21.00z,1d/3D",
		"Parcel_Lnk" : "https://app01.cityofboston.gov/AssessingMap/?find=0302605000"
	}
]