[
	{
		"json_featuretype" : "BOS_H_4 3D Model Collection Issued: 20210719",
		"StructType" : "Building",
		"Project_Id" : 0,
		"Status" : "Current",
		"Editor" : "pbcGIS",
		"Edit_Dt" : "20170909",
		"EditAction" : "Inserted multipatches based on extruded  Bos3d_Building_Poly",
		"Model_ID" : "BOS_IOIO835",
		"Model_Cred" : "Extruded from 2012 Photogrammetric Footprints and DTM by pbcGIS.",
		"ModelBatch" : "GIS Sources",
		"Model_File" : "Bos3dBase.gdb/Bos3d_Buildings_Poly",
		"Model_Dt" : "20170909",
		"Model_LOD" : 1,
		"Survey_Dt" : "20110401",
		"Survey_Src" : "Photogrammetry by Infotech, 2011",
		"Centr_Lat" : 42.3559840194,
		"Centr_Lon" : -71.0593706568,
		"Gnd_El_Ft" : 30.8663265159,
		"Z_Max_Ft" : 46.0000388333,
		"Z_MIn_Ft" : 23.0000848333,
		"Height_Ft" : 15.1337123174,
		"Tile_ID" : "BOS_H_4",
		"GoogleLnk" : "https://www.google.com/maps/search//@42.3539840193831,-71.0593706568316,263a,35y,39.46t/data=!3m1!1e3",
		"NearMapLnk" : "https://apps.nearmap.com/maps/#/@42.3559840193831,-71.0593706568316,21.00z,1d/3D"
	}
]