[
	{
		"json_featuretype" : "BOS_H_4 3D Model Collection Issued: 20210719",
		"Name" : "1 - 4 LONGFELLOW PL",
		"StructType" : "Building",
		"Project_Id" : 0,
		"Status" : "Current",
		"Appear_Dt" : "19760101",
		"Appear_Src" : "Boston Assessor, 2018",
		"Editor" : "pbcGIS",
		"Edit_Dt" : "20170824",
		"EditAction" : "Extended bottom by 8 feet",
		"Model_ID" : "BOS_84N1Y0P",
		"Model_Cred" : "Cybercity3D",
		"ModelBatch" : "9/14/2014",
		"Model_File" : "Miscellaneous GeoDatabase Feature-Classes, Assimilated by pbcGIS",
		"Model_Dt" : "20140914",
		"Model_LOD" : 2,
		"Survey_Dt" : "20120401",
		"Survey_Src" : "Photogrammetry by Infotech",
		"Centr_Lat" : 42.3631602792,
		"Centr_Lon" : -71.0644200602,
		"Gnd_El_Ft" : 22.6913256337,
		"Z_Max_Ft" : 377.500032,
		"Z_MIn_Ft" : 18.0000948333,
		"Height_Ft" : 354.808706366,
		"Tile_ID" : "BOS_H_4",
		"Parcel_ID" : "0300470000",
		"GoogleLnk" : "https://www.google.com/maps/search//@42.3611602792246,-71.0644200601983,263a,35y,39.46t/data=!3m1!1e3",
		"NearMapLnk" : "https://apps.nearmap.com/maps/#/@42.3631602792246,-71.0644200601983,21.00z,1d/3D",
		"Parcel_Lnk" : "https://app01.cityofboston.gov/AssessingMap/?find=0300470000"
	}
]