[
	{
		"json_featuretype" : "BOS_H_4 3D Model Collection Issued: 20210719",
		"Name" : "15 PIE AL",
		"StructType" : "Building",
		"Project_Id" : 0,
		"Status" : "Current",
		"Appear_Dt" : "18990101",
		"Appear_Src" : "Boston Assessor, 2018",
		"Editor" : "pbcGIS",
		"Edit_Dt" : "20170824",
		"EditAction" : "Extended bottom by 8 feet",
		"Model_ID" : "BOS_32TU1BC",
		"Model_Cred" : "Cybercity3D",
		"ModelBatch" : "9/14/2014",
		"Model_File" : "Miscellaneous GeoDatabase Feature-Classes, Assimilated by pbcGIS",
		"Model_Dt" : "20140914",
		"Model_LOD" : 2,
		"Survey_Dt" : "20120401",
		"Survey_Src" : "Photogrammetry by Infotech",
		"Centr_Lat" : 42.3582506453,
		"Centr_Lon" : -71.0586750322,
		"Gnd_El_Ft" : 32.8,
		"Z_Max_Ft" : 180.500097917,
		"Z_MIn_Ft" : 34.5000618333,
		"Height_Ft" : 147.700097917,
		"Tile_ID" : "BOS_H_4",
		"Parcel_ID" : "0302866000",
		"GoogleLnk" : "https://www.google.com/maps/search//@42.3562506453409,-71.0586750322443,263a,35y,39.46t/data=!3m1!1e3",
		"NearMapLnk" : "https://apps.nearmap.com/maps/#/@42.3582506453409,-71.0586750322443,21.00z,1d/3D",
		"Parcel_Lnk" : "https://app01.cityofboston.gov/AssessingMap/?find=0302866000"
	}
]