[
	{
		"json_featuretype" : "BOS_H_4 3D Model Collection Issued: 20210719",
		"Project_Id" : 0,
		"Status" : "Demolished",
		"Editor" : "pbcGIS",
		"Edit_Dt" : "20170824",
		"EditAction" : "Inserted from CyberCity Medley by pbcGIS",
		"Model_ID" : "BOS_VDKHEN5",
		"ModelBatch" : "9/14/2014",
		"Model_File" : "Miscellaneous GeoDatabase Feature-Classes, Assimilated by pbcGIS",
		"Model_Dt" : "20140914",
		"Model_LOD" : 0,
		"Survey_Dt" : "20120401",
		"Survey_Src" : "Photogrammetry by Infotech",
		"Centr_Lat" : 42.3596521569,
		"Centr_Lon" : -71.0592618627,
		"Gnd_El_Ft" : 36.08,
		"Z_Max_Ft" : 51.0000288333,
		"Z_MIn_Ft" : 37.5000558333,
		"Height_Ft" : 14.9200288333,
		"Tile_ID" : "BOS_H_4",
		"Parcel_ID" : "0302600000",
		"GoogleLnk" : "https://www.google.com/maps/search//@42.3576521568962,-71.0592618627004,263a,35y,39.46t/data=!3m1!1e3",
		"NearMapLnk" : "https://apps.nearmap.com/maps/#/@42.3596521568962,-71.0592618627004,21.00z,1d/3D",
		"Parcel_Lnk" : "https://app01.cityofboston.gov/AssessingMap/?find=0302600000"
	}
]