[
	{
		"json_featuretype" : "BOS_H_4 3D Model Collection Issued: 20210719",
		"Name" : "Emerson College - Little Building Renovation Project",
		"StructType" : "Building",
		"Project_Id" : 1719,
		"Status" : "Current",
		"Editor" : "pbc",
		"Edit_Dt" : "20201109",
		"EditAction" : "Repaired model normals",
		"Model_ID" : "BOS_V55PM6Q",
		"Model_Cred" : "Cybercity3D",
		"ModelBatch" : "9/14/2014",
		"Model_File" : "Miscellaneous GeoDatabase Feature-Classes, Assimilated by pbcGIS",
		"Model_Dt" : "20140914",
		"Model_LOD" : 2,
		"Survey_Dt" : "20120401",
		"Survey_Src" : "Photogrammetry by Infotech",
		"Centr_Lat" : 42.3520298759,
		"Centr_Lon" : -71.0649325787,
		"Gnd_El_Ft" : 22.7582792728,
		"Z_Max_Ft" : 177.000104917,
		"Z_MIn_Ft" : 15.0001008333,
		"Height_Ft" : 154.241825644,
		"Tile_ID" : "BOS_H_4",
		"Parcel_ID" : "0500001001",
		"GoogleLnk" : "https://www.google.com/maps/search//@42.3500298759004,-71.0649325786715,263a,35y,39.46t/data=!3m1!1e3",
		"NearMapLnk" : "https://apps.nearmap.com/maps/#/@42.3520298759004,-71.0649325786715,21.00z,1d/3D",
		"Parcel_Lnk" : "https://app01.cityofboston.gov/AssessingMap/?find=0500001001"
	}
]