[
	{
		"json_featuretype" : "BOS_H_4 3D Model Collection Issued: 20210719",
		"Name" : "Majestic Theater",
		"StructType" : "Building",
		"Project_Id" : 0,
		"Status" : "Current",
		"Editor" : "pbc",
		"Edit_Dt" : "20201109",
		"EditAction" : "Repaired model normals",
		"Model_ID" : "BOS_YL9LG8F",
		"Model_Cred" : "Cybercity3D",
		"ModelBatch" : "9/14/2014",
		"Model_File" : "Miscellaneous GeoDatabase Feature-Classes, Assimilated by pbcGIS",
		"Model_Dt" : "20140914",
		"Model_LOD" : 2,
		"Survey_Dt" : "20120401",
		"Survey_Src" : "Photogrammetry by Infotech",
		"Centr_Lat" : 42.3516647434,
		"Centr_Lon" : -71.0660793882,
		"Gnd_El_Ft" : 13.12,
		"Z_Max_Ft" : 192.000074917,
		"Z_MIn_Ft" : 15.0001008333,
		"Height_Ft" : 178.880074917,
		"Tile_ID" : "BOS_H_4",
		"Parcel_ID" : "0500010000",
		"GoogleLnk" : "https://www.google.com/maps/search//@42.349664743409,-71.0660793881965,263a,35y,39.46t/data=!3m1!1e3",
		"NearMapLnk" : "https://apps.nearmap.com/maps/#/@42.351664743409,-71.0660793881965,21.00z,1d/3D",
		"Parcel_Lnk" : "https://app01.cityofboston.gov/AssessingMap/?find=0500010000"
	}
]