[
	{
		"json_featuretype" : "BOS_H_4 3D Model Collection Issued: 20210719",
		"Name" : "Emerson College - Paramount Center",
		"StructType" : "Building",
		"Project_Id" : 1172,
		"ProjectLnk" : "http://www.bostonplans.org/projects/development-projects/Emerson-College-Paramount-Center",
		"Status" : "Board Approved",
		"Appear_Dt" : "20060629",
		"Appear_Src" : "BPDA Board Approved",
		"Editor" : "pbcGIS",
		"Edit_Dt" : "20190903",
		"EditAction" : "a*0 Status updated.  No consequences for model status.",
		"Model_ID" : "BOS_VBCNGH4",
		"Model_Cred" : "BPDA Urban Design Technology Group",
		"ModelBatch" : "bpda_20170801\\3DNewBuildingin3ds",
		"Model_File" : "Paramont-Center-Downtown",
		"Model_Dt" : "20170809",
		"Model_LOD" : 3,
		"Survey_Dt" : "20060629",
		"Survey_Src" : "Modeled from drawings",
		"Centr_Lat" : 42.3538527131,
		"Centr_Lon" : -71.0628201065,
		"Gnd_El_Ft" : 26.24,
		"Z_Max_Ft" : 161.000136917,
		"Z_MIn_Ft" : 26.0000788333,
		"Height_Ft" : 134.760136917,
		"Tile_ID" : "BOS_H_4",
		"Parcel_ID" : "0304831000",
		"StructUse" : "Mixed use (res and comm)",
		"GoogleLnk" : "https://www.google.com/maps/search//@42.3518527131249,-71.0628201065399,263a,35y,39.46t/data=!3m1!1e3",
		"NearMapLnk" : "https://apps.nearmap.com/maps/#/@42.3538527131249,-71.0628201065399,21.00z,1d/3D",
		"Parcel_Lnk" : "https://app01.cityofboston.gov/AssessingMap/?find=0304831000"
	}
]