[
	{
		"json_featuretype" : "BOS_H_4 3D Model Collection Issued: 20210719",
		"Name" : "Hayward Place",
		"StructType" : "Building",
		"Project_Id" : 121,
		"ProjectLnk" : "http://www.bostonplans.org/projects/development-projects/Hayward-Place",
		"Status" : "Current",
		"Appear_Dt" : "20061019",
		"Appear_Src" : "BPDA Board Approved",
		"Editor" : "pbcGIS",
		"Edit_Dt" : "20170824",
		"EditAction" : "Added model from UDTG",
		"Model_ID" : "BOS_M465954",
		"Model_Cred" : "BPDA Urban Design Technology Group",
		"ModelBatch" : "bpda_20170801\\3DNewBuildingin3ds",
		"Model_File" : "Millennium-Place-Downtown",
		"Model_Dt" : "20170809",
		"Model_LOD" : 3,
		"Survey_Dt" : "20061019",
		"Survey_Src" : "Modeled from drawings",
		"Centr_Lat" : 42.3534003347,
		"Centr_Lon" : -71.0619911859,
		"Gnd_El_Ft" : 22.96,
		"Z_Max_Ft" : 202.000054917,
		"Z_MIn_Ft" : 21.5000878333,
		"Height_Ft" : 179.040054917,
		"Tile_ID" : "BOS_H_4",
		"Parcel_ID" : "0304488000",
		"GoogleLnk" : "https://www.google.com/maps/search//@42.351400334652,-71.0619911859199,263a,35y,39.46t/data=!3m1!1e3",
		"NearMapLnk" : "https://apps.nearmap.com/maps/#/@42.353400334652,-71.0619911859199,21.00z,1d/3D",
		"Parcel_Lnk" : "https://app01.cityofboston.gov/AssessingMap/?find=0304488000"
	}
]