[
	{
		"json_featuretype" : "BOS_H_4 3D Model Collection Issued: 20210719",
		"Name" : "37 BOWDOIN ST",
		"StructType" : "Building",
		"Project_Id" : 0,
		"Status" : "Current",
		"Editor" : "pbcGIS",
		"Edit_Dt" : "20170909",
		"EditAction" : "Inserted multipatches based on extruded  Bos3d_Building_Poly",
		"Model_ID" : "BOS_PO3B5Q2",
		"Model_Cred" : "Extruded from 2012 Photogrammetric Footprints and DTM by pbcGIS.",
		"ModelBatch" : "GIS Sources",
		"Model_File" : "Bos3dBase.gdb/Bos3d_Buildings_Poly",
		"Model_Dt" : "20170909",
		"Model_LOD" : 1,
		"Survey_Dt" : "20110401",
		"Survey_Src" : "Photogrammetry by Infotech, 2011",
		"Centr_Lat" : 42.3599148923,
		"Centr_Lon" : -71.0631193963,
		"Gnd_El_Ft" : 55.1305432703,
		"Z_Max_Ft" : 106.499917833,
		"Z_MIn_Ft" : 42.5000458333,
		"Height_Ft" : 51.369374563,
		"Tile_ID" : "BOS_H_4",
		"Parcel_ID" : "0300041000",
		"GoogleLnk" : "https://www.google.com/maps/search//@42.357914892259,-71.0631193963196,263a,35y,39.46t/data=!3m1!1e3",
		"NearMapLnk" : "https://apps.nearmap.com/maps/#/@42.359914892259,-71.0631193963196,21.00z,1d/3D",
		"Parcel_Lnk" : "https://app01.cityofboston.gov/AssessingMap/?find=0300041000"
	}
]