[
	{
		"json_featuretype" : "BOS_H_4 3D Model Collection Issued: 20210719",
		"Name" : "46 47 BEACON ST",
		"StructType" : "Building",
		"Project_Id" : 0,
		"Status" : "Current",
		"Editor" : "pbcGIS",
		"Edit_Dt" : "20170909",
		"EditAction" : "Inserted multipatches based on extruded  Bos3d_Building_Poly",
		"Model_ID" : "BOS_51615NH",
		"Model_Cred" : "Extruded from 2012 Photogrammetric Footprints and DTM by pbcGIS.",
		"ModelBatch" : "GIS Sources",
		"Model_File" : "Bos3dBase.gdb/Bos3d_Buildings_Poly",
		"Model_Dt" : "20170909",
		"Model_LOD" : 1,
		"Survey_Dt" : "20110401",
		"Survey_Src" : "Photogrammetry by Infotech, 2011",
		"Centr_Lat" : 42.3568850714,
		"Centr_Lon" : -71.0674032281,
		"Gnd_El_Ft" : 36.1284161192,
		"Z_Max_Ft" : 103.499923833,
		"Z_MIn_Ft" : 28.0000748333,
		"Height_Ft" : 67.3715077141,
		"Tile_ID" : "BOS_H_4",
		"Parcel_ID" : "0501489000",
		"GoogleLnk" : "https://www.google.com/maps/search//@42.354885071361,-71.0674032280507,263a,35y,39.46t/data=!3m1!1e3",
		"NearMapLnk" : "https://apps.nearmap.com/maps/#/@42.356885071361,-71.0674032280507,21.00z,1d/3D",
		"Parcel_Lnk" : "https://app01.cityofboston.gov/AssessingMap/?find=0501489000"
	}
]