[
	{
		"json_featuretype" : "BOS_H_4 3D Model Collection Issued: 20210719",
		"StructType" : "Building",
		"Project_Id" : 0,
		"Status" : "Approved Demo",
		"Appear_Dt" : "18990101",
		"Appear_Src" : "Boston Assessor, 2018",
		"Editor" : "pbcGIS",
		"Edit_Dt" : "20190830",
		"EditAction" : "Split",
		"Model_ID" : "BOS_0UM9HKB",
		"Model_Cred" : "Cybercity3D",
		"ModelBatch" : "9/14/2014",
		"Model_File" : "Miscellaneous GeoDatabase Feature-Classes, Assimilated by pbcGIS",
		"Model_Dt" : "20190830",
		"Model_Note" : "Split",
		"Model_LOD" : 2.6,
		"Survey_Dt" : "20120401",
		"Survey_Src" : "Photogrammetry by Infotech",
		"Centr_Lat" : 42.3517699511,
		"Centr_Lon" : -71.0637440657,
		"Gnd_El_Ft" : 13.12,
		"Z_Max_Ft" : 50.5000298333,
		"Z_MIn_Ft" : 11.5001078333,
		"Height_Ft" : 37.3800298333,
		"Tile_ID" : "BOS_H_4",
		"Parcel_ID" : "0304906001",
		"GoogleLnk" : "https://www.google.com/maps/search//@42.349769951121395,-71.0637440656568,263a,35y,39.46t/data=!3m1!1e3",
		"NearMapLnk" : "https://apps.nearmap.com/maps/#/@42.3517699511214,-71.0637440656568,21.00z,1d/3D",
		"Parcel_Lnk" : "https://app01.cityofboston.gov/AssessingMap/?find=0304906001"
	}
]