[
	{
		"json_featuretype" : "BOS_H_4 3D Model Collection Issued: 20210719",
		"Name" : "Piano Row",
		"StructType" : "Building",
		"Project_Id" : 0,
		"Status" : "Current",
		"Editor" : "pbc",
		"Edit_Dt" : "20201109",
		"EditAction" : "Repaired model normals using Sketchup",
		"Model_ID" : "BOS_SO39I2Q",
		"Model_Cred" : "BPDA Urban Design Technology Group",
		"ModelBatch" : "BPDA_20200911",
		"Model_File" : "Piano_Row.obj",
		"Model_Dt" : "20200911",
		"Model_LOD" : 3,
		"Survey_Src" : "Handmade from drawings",
		"Centr_Lat" : 42.3521956552,
		"Centr_Lon" : -71.0664816916,
		"Gnd_El_Ft" : 16.4,
		"Z_Max_Ft" : 174.999780833,
		"Z_MIn_Ft" : 17.99976675,
		"Height_Ft" : 158.599780833,
		"Tile_ID" : "BOS_H_4",
		"Parcel_ID" : "0500029001",
		"GoogleLnk" : "https://www.google.com/maps/search//@42.3501956551769,-71.0664816916461,263a,35y,39.46t/data=!3m1!1e3",
		"NearMapLnk" : "https://apps.nearmap.com/maps/#/@42.3521956551769,-71.0664816916461,21.00z,1d/3D",
		"Parcel_Lnk" : "https://app01.cityofboston.gov/AssessingMap/?find=0500029001"
	}
]