[
	{
		"json_featuretype" : "BOS_H_4 3D Model Collection Issued: 20210719",
		"Name" : "145 TREMONT ST",
		"StructType" : "Building",
		"Project_Id" : 0,
		"Status" : "Current",
		"Editor" : "pbcGIS",
		"Edit_Dt" : "20170824",
		"EditAction" : "Extended bottom by 8 feet",
		"Model_ID" : "BOS_KQ58LMA",
		"Model_Cred" : "Cybercity3D",
		"ModelBatch" : "9/14/2014",
		"Model_File" : "Miscellaneous GeoDatabase Feature-Classes, Assimilated by pbcGIS",
		"Model_Dt" : "20140914",
		"Model_LOD" : 2,
		"Survey_Dt" : "20120401",
		"Survey_Src" : "Photogrammetry by Infotech",
		"Centr_Lat" : 42.3552720097,
		"Centr_Lon" : -71.06285911,
		"Gnd_El_Ft" : 29.5180653261,
		"Z_Max_Ft" : 198.500061917,
		"Z_MIn_Ft" : 25.0000808333,
		"Height_Ft" : 168.981996591,
		"Tile_ID" : "BOS_H_4",
		"Parcel_ID" : "0304823000",
		"GoogleLnk" : "https://www.google.com/maps/search//@42.353272009709094,-71.0628591099818,263a,35y,39.46t/data=!3m1!1e3",
		"NearMapLnk" : "https://apps.nearmap.com/maps/#/@42.3552720097091,-71.0628591099818,21.00z,1d/3D",
		"Parcel_Lnk" : "https://app01.cityofboston.gov/AssessingMap/?find=0304823000"
	}
]