[
	{
		"json_featuretype" : "BOS_H_4 3D Model Collection Issued: 20210719",
		"StructType" : "Dock",
		"Project_Id" : 0,
		"Status" : "Current",
		"Appear_Src" : "Recorded in 2011 Infotech photogrammetry.",
		"Editor" : "PBCOTE",
		"Edit_Dt" : "20210615",
		"EditAction" : "Enrolled as new model",
		"Model_ID" : "BOS_G1LD46T",
		"Model_Cred" : "pbcGIS",
		"ModelBatch" : "Walls_Docks_20210614",
		"Model_File" : "Walls_Docks_20210609.gdb",
		"Model_Dt" : "20210614",
		"Model_Note" : "Height established from DTM, Extruded to one foot.",
		"Model_LOD" : 1,
		"Survey_Dt" : "20110401",
		"Survey_Src" : "Recorded in 2011 photogrammetry by Infotech.",
		"Centr_Lat" : 42.3546447822,
		"Centr_Lon" : -71.0701843923,
		"Gnd_El_Ft" : 3.28,
		"Z_Max_Ft" : 1.67105925,
		"Z_MIn_Ft" : 0.671061250003,
		"Height_Ft" : -1.60894075,
		"Tile_ID" : "BOS_H_4",
		"Parcel_ID" : "0501259000",
		"GoogleLnk" : "https://www.google.com/maps/search//@42.352644782193394,-71.0701843923077,263a,35y,39.46t/data=!3m1!1e3",
		"NearMapLnk" : "https://apps.nearmap.com/maps/#/@42.3546447821934,-71.0701843923077,21.00z,1d/3D",
		"Parcel_Lnk" : "https://app01.cityofboston.gov/AssessingMap/?find=0501259000"
	}
]