[
	{
		"json_featuretype" : "BOS_H_4 3D Model Collection Issued: 20210719",
		"Name" : "Emerson College - Piano Row Residence Hall",
		"StructType" : "Building",
		"Project_Id" : 803,
		"Status" : "Current",
		"Appear_Dt" : "20021205",
		"Appear_Src" : "BPDA Board Approved",
		"Editor" : "pbcGIS",
		"Edit_Dt" : "20170824",
		"EditAction" : "Added model from UDTG",
		"Model_ID" : "BOS_IZC75H4",
		"Model_Cred" : "BPDA Urban Design Technology Group",
		"ModelBatch" : "bpda_20170801\\3DNewBuildingin3ds",
		"Model_File" : "1-3-Boylston-Place-Emerson-College-Downtown",
		"Model_Dt" : "20170809",
		"Model_LOD" : 3,
		"Survey_Dt" : "20021205",
		"Survey_Src" : "Modeled from drawings",
		"Centr_Lat" : 42.3520619312,
		"Centr_Lon" : -71.0661398487,
		"Gnd_El_Ft" : 19.68,
		"Z_Max_Ft" : 202.000054917,
		"Z_MIn_Ft" : 13.0001048333,
		"Height_Ft" : 182.320054917,
		"Tile_ID" : "BOS_H_4",
		"Parcel_ID" : "0500036000",
		"GoogleLnk" : "https://www.google.com/maps/search//@42.3500619311533,-71.0661398486872,263a,35y,39.46t/data=!3m1!1e3",
		"NearMapLnk" : "https://apps.nearmap.com/maps/#/@42.3520619311533,-71.0661398486872,21.00z,1d/3D",
		"Parcel_Lnk" : "https://app01.cityofboston.gov/AssessingMap/?find=0500036000"
	}
]