[
	{
		"json_featuretype" : "BOS_H_4 3D Model Collection Issued: 20210719",
		"StructType" : "Wall",
		"Project_Id" : 0,
		"Status" : "Current",
		"Appear_Src" : "Recorded in 2011 Infotech photogrammetry.",
		"Editor" : "PBCOTE",
		"Edit_Dt" : "20210615",
		"EditAction" : "Enrolled as new model",
		"Model_ID" : "BOS_1K3E88U",
		"Model_Cred" : "pbcGIS",
		"ModelBatch" : "Walls_Docks_20210614",
		"Model_File" : "Walls_Docks_20210609.gdb",
		"Model_Dt" : "20210614",
		"Model_Note" : "Height established from measured infotech height. Depth established from DTM.  Width from Infotech Wall Type.",
		"Model_LOD" : 1.5,
		"Survey_Dt" : "20110401",
		"Survey_Src" : "Recorded in 2011 photogrammetry by Infotech.",
		"Centr_Lat" : 42.3500953552,
		"Centr_Lon" : -71.0618966306,
		"Gnd_El_Ft" : 9.84,
		"Z_Max_Ft" : 9.41841908333,
		"Z_MIn_Ft" : 2.61068991668,
		"Height_Ft" : -0.421580916667,
		"Tile_ID" : "BOS_H_4",
		"Parcel_ID" : "0305369000",
		"GoogleLnk" : "https://www.google.com/maps/search//@42.3480953552249,-71.0618966305593,263a,35y,39.46t/data=!3m1!1e3",
		"NearMapLnk" : "https://apps.nearmap.com/maps/#/@42.3500953552249,-71.0618966305593,21.00z,1d/3D",
		"Parcel_Lnk" : "https://app01.cityofboston.gov/AssessingMap/?find=0305369000"
	}
]