[
	{
		"json_featuretype" : "BOS_H_4 3D Model Collection Issued: 20210719",
		"Name" : "20 STANIFORD ST",
		"StructType" : "Building",
		"Project_Id" : 0,
		"Status" : "Current",
		"Appear_Dt" : "19640101",
		"Appear_Src" : "Boston Assessor, 2018",
		"Editor" : "pbcGIS",
		"Edit_Dt" : "20170824",
		"EditAction" : "Extended bottom by 8 feet",
		"Model_ID" : "BOS_VCZU0A1",
		"Model_Cred" : "Cybercity3D",
		"ModelBatch" : "9/14/2014",
		"Model_File" : "Miscellaneous GeoDatabase Feature-Classes, Assimilated by pbcGIS",
		"Model_Dt" : "20140914",
		"Model_LOD" : 2,
		"Survey_Dt" : "20120401",
		"Survey_Src" : "Photogrammetry by Infotech",
		"Centr_Lat" : 42.3620039815,
		"Centr_Lon" : -71.0645270611,
		"Gnd_El_Ft" : 28.949513032,
		"Z_Max_Ft" : 88.4999538333,
		"Z_MIn_Ft" : 18.0000948333,
		"Height_Ft" : 59.5504408014,
		"Tile_ID" : "BOS_H_4",
		"Parcel_ID" : "0300624000",
		"GoogleLnk" : "https://www.google.com/maps/search//@42.3600039815015,-71.0645270611207,263a,35y,39.46t/data=!3m1!1e3",
		"NearMapLnk" : "https://apps.nearmap.com/maps/#/@42.3620039815015,-71.0645270611207,21.00z,1d/3D",
		"Parcel_Lnk" : "https://app01.cityofboston.gov/AssessingMap/?find=0300624000"
	}
]