[
	{
		"json_featuretype" : "BOS_H_4 3D Model Collection Issued: 20210719",
		"Name" : "8 MT VERNON PL",
		"StructType" : "Building",
		"Project_Id" : 0,
		"Status" : "Current",
		"Appear_Dt" : "18990101",
		"Appear_Src" : "Boston Assessor, 2018",
		"Editor" : "pbcGIS",
		"Edit_Dt" : "20170909",
		"EditAction" : "Inserted multipatches based on extruded  Bos3d_Building_Poly",
		"Model_ID" : "BOS_EKS10AI",
		"Model_Cred" : "Extruded from 2012 Photogrammetric Footprints and DTM by pbcGIS.",
		"ModelBatch" : "GIS Sources",
		"Model_File" : "Bos3dBase.gdb/Bos3d_Buildings_Poly",
		"Model_Dt" : "20170909",
		"Model_LOD" : 1,
		"Survey_Dt" : "20110401",
		"Survey_Src" : "Photogrammetry by Infotech, 2011",
		"Centr_Lat" : 42.357743395,
		"Centr_Lon" : -71.0649175031,
		"Gnd_El_Ft" : 88.56,
		"Z_Max_Ft" : 132.999864833,
		"Z_MIn_Ft" : 85.4999598333,
		"Height_Ft" : 44.4398648333,
		"Tile_ID" : "BOS_H_4",
		"Parcel_ID" : "0501621000",
		"GoogleLnk" : "https://www.google.com/maps/search//@42.3557433949959,-71.0649175030936,263a,35y,39.46t/data=!3m1!1e3",
		"NearMapLnk" : "https://apps.nearmap.com/maps/#/@42.3577433949959,-71.0649175030936,21.00z,1d/3D",
		"Parcel_Lnk" : "https://app01.cityofboston.gov/AssessingMap/?find=0501621000"
	}
]