[
	{
		"json_featuretype" : "BOS_H_4 3D Model Collection Issued: 20210719",
		"Name" : "MBTA-MGH-Station-WE",
		"StructType" : "Building",
		"Project_Id" : 888888,
		"Status" : "Current",
		"Editor" : "pbcGIS",
		"Edit_Dt" : "20170824",
		"EditAction" : "Added model from UDTG",
		"Model_ID" : "BOS_5ZX2POT",
		"Model_Cred" : "BPDA Urban Design Technology Group",
		"ModelBatch" : "bpda_20170801\\3DNewBuildingin3ds",
		"Model_File" : "Copied from UDTG 3D Studio FIle",
		"Model_Dt" : "20170809",
		"Model_LOD" : 3,
		"Survey_Src" : "Modeled from drawings",
		"Centr_Lat" : 42.3611392149,
		"Centr_Lon" : -71.0706502571,
		"Gnd_El_Ft" : 13.12,
		"Z_Max_Ft" : 80.4999698333,
		"Z_MIn_Ft" : 6.50011783333,
		"Height_Ft" : 67.3799698333,
		"Tile_ID" : "BOS_H_4",
		"GoogleLnk" : "https://www.google.com/maps/search//@42.3591392149051,-71.070650257107,263a,35y,39.46t/data=!3m1!1e3",
		"NearMapLnk" : "https://apps.nearmap.com/maps/#/@42.3611392149051,-71.070650257107,21.00z,1d/3D"
	}
]