[
	{
		"json_featuretype" : "BOS_H_4 3D Model Collection Issued: 20210719",
		"Name" : "Modern Theatre",
		"StructType" : "Building",
		"Project_Id" : 1311,
		"Status" : "Current",
		"Appear_Dt" : "20170824",
		"Appear_Src" : "UDTG Model",
		"Editor" : "pbcGIS",
		"Edit_Dt" : "20170824",
		"EditAction" : "Added model from UDTG",
		"Model_ID" : "BOS_IZW85R3",
		"Model_Cred" : "BPDA Urban Design Technology Group",
		"ModelBatch" : "bpda_20170801\\3DNewBuildingin3ds",
		"Model_File" : "Modern-Theater-Suffolk-University-Dorm-Downtown",
		"Model_Dt" : "20170809",
		"Model_LOD" : 3,
		"Survey_Src" : "Modeled from drawings",
		"Centr_Lat" : 42.3542043696,
		"Centr_Lon" : -71.0622648041,
		"Gnd_El_Ft" : 26.24,
		"Z_Max_Ft" : 167.500123917,
		"Z_MIn_Ft" : 24.5000818333,
		"Height_Ft" : 141.260123917,
		"Tile_ID" : "BOS_H_4",
		"Parcel_ID" : "0304828000",
		"GoogleLnk" : "https://www.google.com/maps/search//@42.3522043696266,-71.0622648041207,263a,35y,39.46t/data=!3m1!1e3",
		"NearMapLnk" : "https://apps.nearmap.com/maps/#/@42.3542043696266,-71.0622648041207,21.00z,1d/3D",
		"Parcel_Lnk" : "https://app01.cityofboston.gov/AssessingMap/?find=0304828000"
	}
]