[
	{
		"json_featuretype" : "BOS_H_4 3D Model Collection Issued: 20210719",
		"Project_Id" : 0,
		"Status" : "Demolished",
		"Editor" : "pbcGIS",
		"Edit_Dt" : "20170824",
		"EditAction" : "Inserted from CyberCity Medley by pbcGIS",
		"Model_ID" : "BOS_J84BTEJ",
		"ModelBatch" : "9/14/2014",
		"Model_File" : "Miscellaneous GeoDatabase Feature-Classes, Assimilated by pbcGIS",
		"Model_Dt" : "20140914",
		"Model_LOD" : 0,
		"Survey_Dt" : "20120401",
		"Survey_Src" : "Photogrammetry by Infotech",
		"Centr_Lat" : 42.3508217463,
		"Centr_Lon" : -71.065581053,
		"Gnd_El_Ft" : 19.68,
		"Z_Max_Ft" : 224.500009917,
		"Z_MIn_Ft" : 19.5000918333,
		"Height_Ft" : 204.820009917,
		"Tile_ID" : "BOS_H_4",
		"Parcel_ID" : "0500075020",
		"GoogleLnk" : "https://www.google.com/maps/search//@42.3488217462698,-71.06558105302,263a,35y,39.46t/data=!3m1!1e3",
		"NearMapLnk" : "https://apps.nearmap.com/maps/#/@42.3508217462698,-71.06558105302,21.00z,1d/3D",
		"Parcel_Lnk" : "https://app01.cityofboston.gov/AssessingMap/?find=0500075020"
	}
]