[
	{
		"json_featuretype" : "BOS_H_4 3D Model Collection Issued: 20210719",
		"Name" : "120 Kingston Street",
		"StructType" : "Building",
		"Project_Id" : 1280,
		"ProjectLnk" : "http://www.bostonplans.org/projects/development-projects/120-Kingston-Street",
		"Status" : "Current",
		"Appear_Dt" : "20080515",
		"Appear_Src" : "BPDA Board Approved",
		"Editor" : "pbcGIS",
		"Edit_Dt" : "20170824",
		"EditAction" : "Added model from UDTG",
		"Model_ID" : "BOS_0U366RC",
		"Model_Cred" : "BPDA Urban Design Technology Group",
		"ModelBatch" : "bpda_20170801\\3DNewBuildingin3ds",
		"Model_File" : "120-Kingston-St-Chinatown",
		"Model_Dt" : "20170809",
		"Model_LOD" : 3,
		"Survey_Dt" : "20080515",
		"Survey_Src" : "Modeled from drawings",
		"Centr_Lat" : 42.3522376368,
		"Centr_Lon" : -71.0590778134,
		"Gnd_El_Ft" : 12.916231899,
		"Z_Max_Ft" : 299.999858917,
		"Z_MIn_Ft" : 10.0001108333,
		"Height_Ft" : 287.083627018,
		"Tile_ID" : "BOS_H_4",
		"Parcel_ID" : "0304308000",
		"GoogleLnk" : "https://www.google.com/maps/search//@42.3502376368402,-71.0590778134301,263a,35y,39.46t/data=!3m1!1e3",
		"NearMapLnk" : "https://apps.nearmap.com/maps/#/@42.3522376368402,-71.0590778134301,21.00z,1d/3D",
		"Parcel_Lnk" : "https://app01.cityofboston.gov/AssessingMap/?find=0304308000"
	}
]