[
	{
		"json_featuretype" : "BOS_H_4 3D Model Collection Issued: 20210719",
		"Name" : "Longfellow-Bridge",
		"StructType" : "Bridge",
		"Project_Id" : 0,
		"Status" : "Current",
		"EditAction" : "Inserted 3ds model from UDTG batch",
		"Model_ID" : "BOS_UPZFAL7",
		"Model_Cred" : "BPDA Urban Design Technology Group",
		"ModelBatch" : "BPDA_Bridges",
		"Model_File" : "Longfellow-Bridge.3DS",
		"Model_Dt" : "20191223",
		"Model_LOD" : 3,
		"Survey_Src" : "Handmade from drawings",
		"Centr_Lat" : 42.3614243469,
		"Centr_Lon" : -71.0743176699,
		"Gnd_El_Ft" : 3.28,
		"Z_Max_Ft" : 92.9999448333,
		"Z_MIn_Ft" : -30.00013725,
		"Height_Ft" : 89.7199448333,
		"Tile_ID" : "BOS_H_4",
		"GoogleLnk" : "https://www.google.com/maps/search//@42.3594243468699,-71.0743176698877,263a,35y,39.46t/data=!3m1!1e3",
		"NearMapLnk" : "https://apps.nearmap.com/maps/#/@42.3614243468699,-71.0743176698877,21.00z,1d/3D"
	}
]