[
	{
		"json_featuretype" : "BOS_H_4 3D Model Collection Issued: 20210719",
		"Name" : "4-6 Newbury Street",
		"StructType" : "Building",
		"Project_Id" : 3005,
		"Status" : "Current",
		"Appear_Dt" : "19200101",
		"Appear_Src" : "Boston Assessor, 2018",
		"Editor" : "pbc",
		"Edit_Dt" : "20201109",
		"EditAction" : "Repaired model normals",
		"Model_ID" : "BOS_XZM4CM2",
		"Model_Cred" : "Cybercity3D",
		"ModelBatch" : "9/14/2014",
		"Model_File" : "Miscellaneous GeoDatabase Feature-Classes, Assimilated by pbcGIS",
		"Model_Dt" : "20140914",
		"Model_LOD" : 2,
		"Survey_Dt" : "20120401",
		"Survey_Src" : "Photogrammetry by Infotech",
		"Centr_Lat" : 42.3522692492,
		"Centr_Lon" : -71.0716134575,
		"Gnd_El_Ft" : 13.12,
		"Z_Max_Ft" : 108.499913833,
		"Z_MIn_Ft" : 15.0001008333,
		"Height_Ft" : 95.3799138333,
		"Tile_ID" : "BOS_H_4",
		"Parcel_ID" : "0501252010",
		"GoogleLnk" : "https://www.google.com/maps/search//@42.3502692492402,-71.0716134574793,263a,35y,39.46t/data=!3m1!1e3",
		"NearMapLnk" : "https://apps.nearmap.com/maps/#/@42.3522692492402,-71.0716134574793,21.00z,1d/3D",
		"Parcel_Lnk" : "https://app01.cityofboston.gov/AssessingMap/?find=0501252010"
	}
]