[
	{
		"json_featuretype" : "BOS_H_4 3D Model Collection Issued: 20210719",
		"Name" : "123 SOUTH ST",
		"StructType" : "Building",
		"Project_Id" : 0,
		"Status" : "Current",
		"Appear_Dt" : "19990101",
		"Appear_Src" : "Boston Assessor, 2018",
		"Editor" : "pbcGIS",
		"Edit_Dt" : "20170824",
		"EditAction" : "Extended bottom by 8 feet",
		"Model_ID" : "BOS_18B8378",
		"Model_Cred" : "Cybercity3D",
		"ModelBatch" : "9/14/2014",
		"Model_File" : "Miscellaneous GeoDatabase Feature-Classes, Assimilated by pbcGIS",
		"Model_Dt" : "20140914",
		"Model_LOD" : 2,
		"Survey_Dt" : "20120401",
		"Survey_Src" : "Photogrammetry by Infotech",
		"Centr_Lat" : 42.3513559543,
		"Centr_Lon" : -71.0576392734,
		"Gnd_El_Ft" : 9.84,
		"Z_Max_Ft" : 114.999900833,
		"Z_MIn_Ft" : 5.00012083334,
		"Height_Ft" : 105.159900833,
		"Tile_ID" : "BOS_H_4",
		"Parcel_ID" : "0304322000",
		"GoogleLnk" : "https://www.google.com/maps/search//@42.349355954269,-71.0576392733889,263a,35y,39.46t/data=!3m1!1e3",
		"NearMapLnk" : "https://apps.nearmap.com/maps/#/@42.351355954269,-71.0576392733889,21.00z,1d/3D",
		"Parcel_Lnk" : "https://app01.cityofboston.gov/AssessingMap/?find=0304322000"
	}
]