[
	{
		"json_featuretype" : "BOS_H_4 3D Model Collection Issued: 20210719",
		"Name" : "45 45A JOY ST",
		"StructType" : "Building",
		"Project_Id" : 0,
		"Status" : "Current",
		"Editor" : "pbcGIS",
		"Edit_Dt" : "20170909",
		"EditAction" : "Inserted multipatches based on extruded  Bos3d_Building_Poly",
		"Model_ID" : "BOS_8EYZCNU",
		"Model_Cred" : "Extruded from 2012 Photogrammetric Footprints and DTM by pbcGIS.",
		"ModelBatch" : "GIS Sources",
		"Model_File" : "Bos3dBase.gdb/Bos3d_Buildings_Poly",
		"Model_Dt" : "20170909",
		"Model_LOD" : 1,
		"Survey_Dt" : "20110401",
		"Survey_Src" : "Photogrammetry by Infotech, 2011",
		"Centr_Lat" : 42.3599646936,
		"Centr_Lon" : -71.0649297983,
		"Gnd_El_Ft" : 54.2307852953,
		"Z_Max_Ft" : 94.9999408333,
		"Z_MIn_Ft" : 47.5000358333,
		"Height_Ft" : 40.7691555381,
		"Tile_ID" : "BOS_H_4",
		"Parcel_ID" : "0300099000",
		"GoogleLnk" : "https://www.google.com/maps/search//@42.357964693597594,-71.0649297982828,263a,35y,39.46t/data=!3m1!1e3",
		"NearMapLnk" : "https://apps.nearmap.com/maps/#/@42.3599646935976,-71.0649297982828,21.00z,1d/3D",
		"Parcel_Lnk" : "https://app01.cityofboston.gov/AssessingMap/?find=0300099000"
	}
]