[
	{
		"json_featuretype" : "BOS_H_4 3D Model Collection Issued: 20210719",
		"Name" : "81 CHESTNUT ST",
		"StructType" : "Building",
		"Project_Id" : 0,
		"Status" : "Current",
		"Appear_Dt" : "18900101",
		"Appear_Src" : "Boston Assessor, 2018",
		"Editor" : "pbcGIS",
		"Edit_Dt" : "20170909",
		"EditAction" : "Inserted multipatches based on extruded  Bos3d_Building_Poly",
		"Model_ID" : "BOS_Y3N9AFZ",
		"Model_Cred" : "Extruded from 2012 Photogrammetric Footprints and DTM by pbcGIS.",
		"ModelBatch" : "GIS Sources",
		"Model_File" : "Bos3dBase.gdb/Bos3d_Buildings_Poly",
		"Model_Dt" : "20170909",
		"Model_LOD" : 1,
		"Survey_Dt" : "20110401",
		"Survey_Src" : "Photogrammetry by Infotech, 2011",
		"Centr_Lat" : 42.3568867075,
		"Centr_Lon" : -71.0712531795,
		"Gnd_El_Ft" : 12.4844122811,
		"Z_Max_Ft" : 44.5000418333,
		"Z_MIn_Ft" : 3.50012383334,
		"Height_Ft" : 32.0156295523,
		"Tile_ID" : "BOS_H_4",
		"Parcel_ID" : "0502363000",
		"GoogleLnk" : "https://www.google.com/maps/search//@42.3548867074714,-71.0712531795,263a,35y,39.46t/data=!3m1!1e3",
		"NearMapLnk" : "https://apps.nearmap.com/maps/#/@42.3568867074714,-71.0712531795,21.00z,1d/3D",
		"Parcel_Lnk" : "https://app01.cityofboston.gov/AssessingMap/?find=0502363000"
	}
]