[
	{
		"json_featuretype" : "BOS_H_4 3D Model Collection Issued: 20210719",
		"Name" : "101 93 ARCH ST",
		"StructType" : "Building",
		"Project_Id" : 0,
		"Status" : "Current",
		"Appear_Dt" : "19870101",
		"Appear_Src" : "Boston Assessor, 2018",
		"Editor" : "pbcGIS",
		"Edit_Dt" : "20170824",
		"EditAction" : "Extended bottom by 8 feet",
		"Model_ID" : "BOS_ORYONZ6",
		"Model_Cred" : "Cybercity3D",
		"ModelBatch" : "9/14/2014",
		"Model_File" : "Miscellaneous GeoDatabase Feature-Classes, Assimilated by pbcGIS",
		"Model_Dt" : "20140914",
		"Model_LOD" : 2,
		"Survey_Dt" : "20120401",
		"Survey_Src" : "Photogrammetry by Infotech",
		"Centr_Lat" : 42.3549797755,
		"Centr_Lon" : -71.0591104712,
		"Gnd_El_Ft" : 26.24,
		"Z_Max_Ft" : 318.000151,
		"Z_MIn_Ft" : 16.5000978333,
		"Height_Ft" : 291.760151,
		"Tile_ID" : "BOS_H_4",
		"Parcel_ID" : "0304597000",
		"GoogleLnk" : "https://www.google.com/maps/search//@42.352979775451395,-71.0591104712395,263a,35y,39.46t/data=!3m1!1e3",
		"NearMapLnk" : "https://apps.nearmap.com/maps/#/@42.3549797754514,-71.0591104712395,21.00z,1d/3D",
		"Parcel_Lnk" : "https://app01.cityofboston.gov/AssessingMap/?find=0304597000"
	}
]